[2026-06-27T18:36:41.349+0000] {processor.py:186} INFO - Started process (PID=163) to work on /opt/airflow/dags/travel_pipeline_dag.py
[2026-06-27T18:36:41.350+0000] {processor.py:914} INFO - Processing file /opt/airflow/dags/travel_pipeline_dag.py for tasks to queue
[2026-06-27T18:36:41.354+0000] {logging_mixin.py:190} INFO - [2026-06-27T18:36:41.353+0000] {dagbag.py:588} INFO - Filling up the DagBag from /opt/airflow/dags/travel_pipeline_dag.py
[2026-06-27T18:36:41.432+0000] {processor.py:925} INFO - DAG(s) 'travel_pipeline' retrieved from /opt/airflow/dags/travel_pipeline_dag.py
[2026-06-27T18:36:42.011+0000] {logging_mixin.py:190} INFO - [2026-06-27T18:36:42.009+0000] {override.py:1912} INFO - Created Permission View: can edit on DAG:travel_pipeline
[2026-06-27T18:36:42.035+0000] {logging_mixin.py:190} INFO - [2026-06-27T18:36:42.035+0000] {override.py:1912} INFO - Created Permission View: can delete on DAG:travel_pipeline
[2026-06-27T18:36:42.051+0000] {logging_mixin.py:190} INFO - [2026-06-27T18:36:42.051+0000] {override.py:1912} INFO - Created Permission View: can read on DAG:travel_pipeline
[2026-06-27T18:36:42.070+0000] {logging_mixin.py:190} INFO - [2026-06-27T18:36:42.069+0000] {override.py:1912} INFO - Created Permission View: can delete on DAG Run:travel_pipeline
[2026-06-27T18:36:42.085+0000] {logging_mixin.py:190} INFO - [2026-06-27T18:36:42.085+0000] {override.py:1912} INFO - Created Permission View: can create on DAG Run:travel_pipeline
[2026-06-27T18:36:42.099+0000] {logging_mixin.py:190} INFO - [2026-06-27T18:36:42.098+0000] {override.py:1912} INFO - Created Permission View: menu access on DAG Run:travel_pipeline
[2026-06-27T18:36:42.122+0000] {logging_mixin.py:190} INFO - [2026-06-27T18:36:42.122+0000] {override.py:1912} INFO - Created Permission View: can read on DAG Run:travel_pipeline
[2026-06-27T18:36:42.125+0000] {logging_mixin.py:190} INFO - [2026-06-27T18:36:42.124+0000] {dag.py:3239} INFO - Sync 1 DAGs
[2026-06-27T18:36:42.156+0000] {logging_mixin.py:190} INFO - [2026-06-27T18:36:42.156+0000] {dag.py:3262} INFO - Creating ORM DAG for travel_pipeline
[2026-06-27T18:36:42.186+0000] {logging_mixin.py:190} INFO - [2026-06-27T18:36:42.186+0000] {dag.py:4180} INFO - Setting next_dagrun for travel_pipeline to 2026-06-26 00:00:00+00:00, run_after=2026-06-27 00:00:00+00:00
[2026-06-27T18:36:42.262+0000] {processor.py:208} INFO - Processing /opt/airflow/dags/travel_pipeline_dag.py took 0.925 seconds
[2026-06-27T18:37:12.679+0000] {processor.py:186} INFO - Started process (PID=168) to work on /opt/airflow/dags/travel_pipeline_dag.py
[2026-06-27T18:37:12.682+0000] {processor.py:914} INFO - Processing file /opt/airflow/dags/travel_pipeline_dag.py for tasks to queue
[2026-06-27T18:37:12.691+0000] {logging_mixin.py:190} INFO - [2026-06-27T18:37:12.690+0000] {dagbag.py:588} INFO - Filling up the DagBag from /opt/airflow/dags/travel_pipeline_dag.py
[2026-06-27T18:37:12.745+0000] {processor.py:925} INFO - DAG(s) 'travel_pipeline' retrieved from /opt/airflow/dags/travel_pipeline_dag.py
[2026-06-27T18:37:12.841+0000] {logging_mixin.py:190} INFO - [2026-06-27T18:37:12.840+0000] {dag.py:3239} INFO - Sync 1 DAGs
[2026-06-27T18:37:12.937+0000] {logging_mixin.py:190} INFO - [2026-06-27T18:37:12.936+0000] {dag.py:4180} INFO - Setting next_dagrun for travel_pipeline to 2026-06-26 00:00:00+00:00, run_after=2026-06-27 00:00:00+00:00
[2026-06-27T18:37:13.002+0000] {processor.py:208} INFO - Processing /opt/airflow/dags/travel_pipeline_dag.py took 0.341 seconds
[2026-06-27T18:37:43.212+0000] {processor.py:186} INFO - Started process (PID=173) to work on /opt/airflow/dags/travel_pipeline_dag.py
[2026-06-27T18:37:43.213+0000] {processor.py:914} INFO - Processing file /opt/airflow/dags/travel_pipeline_dag.py for tasks to queue
[2026-06-27T18:37:43.218+0000] {logging_mixin.py:190} INFO - [2026-06-27T18:37:43.217+0000] {dagbag.py:588} INFO - Filling up the DagBag from /opt/airflow/dags/travel_pipeline_dag.py
[2026-06-27T18:37:43.261+0000] {processor.py:925} INFO - DAG(s) 'travel_pipeline' retrieved from /opt/airflow/dags/travel_pipeline_dag.py
[2026-06-27T18:37:43.324+0000] {logging_mixin.py:190} INFO - [2026-06-27T18:37:43.323+0000] {dag.py:3239} INFO - Sync 1 DAGs
[2026-06-27T18:37:43.379+0000] {logging_mixin.py:190} INFO - [2026-06-27T18:37:43.378+0000] {dag.py:4180} INFO - Setting next_dagrun for travel_pipeline to 2026-06-26 00:00:00+00:00, run_after=2026-06-27 00:00:00+00:00
[2026-06-27T18:37:43.453+0000] {processor.py:208} INFO - Processing /opt/airflow/dags/travel_pipeline_dag.py took 0.252 seconds
[2026-06-27T18:38:14.091+0000] {processor.py:186} INFO - Started process (PID=178) to work on /opt/airflow/dags/travel_pipeline_dag.py
[2026-06-27T18:38:14.093+0000] {processor.py:914} INFO - Processing file /opt/airflow/dags/travel_pipeline_dag.py for tasks to queue
[2026-06-27T18:38:14.098+0000] {logging_mixin.py:190} INFO - [2026-06-27T18:38:14.098+0000] {dagbag.py:588} INFO - Filling up the DagBag from /opt/airflow/dags/travel_pipeline_dag.py
[2026-06-27T18:38:14.143+0000] {processor.py:925} INFO - DAG(s) 'travel_pipeline' retrieved from /opt/airflow/dags/travel_pipeline_dag.py
[2026-06-27T18:38:14.204+0000] {logging_mixin.py:190} INFO - [2026-06-27T18:38:14.203+0000] {dag.py:3239} INFO - Sync 1 DAGs
[2026-06-27T18:38:14.250+0000] {logging_mixin.py:190} INFO - [2026-06-27T18:38:14.250+0000] {dag.py:4180} INFO - Setting next_dagrun for travel_pipeline to 2026-06-26 00:00:00+00:00, run_after=2026-06-27 00:00:00+00:00
[2026-06-27T18:38:14.288+0000] {processor.py:208} INFO - Processing /opt/airflow/dags/travel_pipeline_dag.py took 0.213 seconds
[2026-06-27T18:38:44.868+0000] {processor.py:186} INFO - Started process (PID=183) to work on /opt/airflow/dags/travel_pipeline_dag.py
[2026-06-27T18:38:44.870+0000] {processor.py:914} INFO - Processing file /opt/airflow/dags/travel_pipeline_dag.py for tasks to queue
[2026-06-27T18:38:44.886+0000] {logging_mixin.py:190} INFO - [2026-06-27T18:38:44.885+0000] {dagbag.py:588} INFO - Filling up the DagBag from /opt/airflow/dags/travel_pipeline_dag.py
[2026-06-27T18:38:44.957+0000] {processor.py:925} INFO - DAG(s) 'travel_pipeline' retrieved from /opt/airflow/dags/travel_pipeline_dag.py
[2026-06-27T18:38:45.161+0000] {logging_mixin.py:190} INFO - [2026-06-27T18:38:45.160+0000] {dag.py:3239} INFO - Sync 1 DAGs
[2026-06-27T18:38:45.429+0000] {logging_mixin.py:190} INFO - [2026-06-27T18:38:45.429+0000] {dag.py:4180} INFO - Setting next_dagrun for travel_pipeline to 2026-06-26 00:00:00+00:00, run_after=2026-06-27 00:00:00+00:00
[2026-06-27T18:38:45.477+0000] {processor.py:208} INFO - Processing /opt/airflow/dags/travel_pipeline_dag.py took 0.633 seconds
[2026-06-27T18:39:15.928+0000] {processor.py:186} INFO - Started process (PID=188) to work on /opt/airflow/dags/travel_pipeline_dag.py
[2026-06-27T18:39:15.929+0000] {processor.py:914} INFO - Processing file /opt/airflow/dags/travel_pipeline_dag.py for tasks to queue
[2026-06-27T18:39:15.933+0000] {logging_mixin.py:190} INFO - [2026-06-27T18:39:15.932+0000] {dagbag.py:588} INFO - Filling up the DagBag from /opt/airflow/dags/travel_pipeline_dag.py
[2026-06-27T18:39:15.973+0000] {processor.py:925} INFO - DAG(s) 'travel_pipeline' retrieved from /opt/airflow/dags/travel_pipeline_dag.py
[2026-06-27T18:39:16.031+0000] {logging_mixin.py:190} INFO - [2026-06-27T18:39:16.031+0000] {dag.py:3239} INFO - Sync 1 DAGs
[2026-06-27T18:39:16.084+0000] {logging_mixin.py:190} INFO - [2026-06-27T18:39:16.083+0000] {dag.py:4180} INFO - Setting next_dagrun for travel_pipeline to 2026-06-26 00:00:00+00:00, run_after=2026-06-27 00:00:00+00:00
[2026-06-27T18:39:16.135+0000] {processor.py:208} INFO - Processing /opt/airflow/dags/travel_pipeline_dag.py took 0.219 seconds
[2026-06-27T18:39:46.361+0000] {processor.py:186} INFO - Started process (PID=193) to work on /opt/airflow/dags/travel_pipeline_dag.py
[2026-06-27T18:39:46.362+0000] {processor.py:914} INFO - Processing file /opt/airflow/dags/travel_pipeline_dag.py for tasks to queue
[2026-06-27T18:39:46.367+0000] {logging_mixin.py:190} INFO - [2026-06-27T18:39:46.366+0000] {dagbag.py:588} INFO - Filling up the DagBag from /opt/airflow/dags/travel_pipeline_dag.py
[2026-06-27T18:39:46.407+0000] {processor.py:925} INFO - DAG(s) 'travel_pipeline' retrieved from /opt/airflow/dags/travel_pipeline_dag.py
[2026-06-27T18:39:46.497+0000] {logging_mixin.py:190} INFO - [2026-06-27T18:39:46.497+0000] {dag.py:3239} INFO - Sync 1 DAGs
[2026-06-27T18:39:46.544+0000] {logging_mixin.py:190} INFO - [2026-06-27T18:39:46.543+0000] {dag.py:4180} INFO - Setting next_dagrun for travel_pipeline to 2026-06-26 00:00:00+00:00, run_after=2026-06-27 00:00:00+00:00
[2026-06-27T18:39:46.581+0000] {processor.py:208} INFO - Processing /opt/airflow/dags/travel_pipeline_dag.py took 0.232 seconds
[2026-06-27T18:40:16.787+0000] {processor.py:186} INFO - Started process (PID=198) to work on /opt/airflow/dags/travel_pipeline_dag.py
[2026-06-27T18:40:16.789+0000] {processor.py:914} INFO - Processing file /opt/airflow/dags/travel_pipeline_dag.py for tasks to queue
[2026-06-27T18:40:16.794+0000] {logging_mixin.py:190} INFO - [2026-06-27T18:40:16.793+0000] {dagbag.py:588} INFO - Filling up the DagBag from /opt/airflow/dags/travel_pipeline_dag.py
[2026-06-27T18:40:16.833+0000] {processor.py:925} INFO - DAG(s) 'travel_pipeline' retrieved from /opt/airflow/dags/travel_pipeline_dag.py
[2026-06-27T18:40:16.908+0000] {logging_mixin.py:190} INFO - [2026-06-27T18:40:16.907+0000] {dag.py:3239} INFO - Sync 1 DAGs
[2026-06-27T18:40:16.977+0000] {logging_mixin.py:190} INFO - [2026-06-27T18:40:16.977+0000] {dag.py:4180} INFO - Setting next_dagrun for travel_pipeline to 2026-06-26 00:00:00+00:00, run_after=2026-06-27 00:00:00+00:00
[2026-06-27T18:40:17.031+0000] {processor.py:208} INFO - Processing /opt/airflow/dags/travel_pipeline_dag.py took 0.259 seconds
[2026-06-27T18:40:47.614+0000] {processor.py:186} INFO - Started process (PID=211) to work on /opt/airflow/dags/travel_pipeline_dag.py
[2026-06-27T18:40:47.619+0000] {processor.py:914} INFO - Processing file /opt/airflow/dags/travel_pipeline_dag.py for tasks to queue
[2026-06-27T18:40:47.629+0000] {logging_mixin.py:190} INFO - [2026-06-27T18:40:47.628+0000] {dagbag.py:588} INFO - Filling up the DagBag from /opt/airflow/dags/travel_pipeline_dag.py
[2026-06-27T18:40:47.749+0000] {processor.py:925} INFO - DAG(s) 'travel_pipeline' retrieved from /opt/airflow/dags/travel_pipeline_dag.py
[2026-06-27T18:40:47.869+0000] {logging_mixin.py:190} INFO - [2026-06-27T18:40:47.869+0000] {dag.py:3239} INFO - Sync 1 DAGs
[2026-06-27T18:40:47.972+0000] {logging_mixin.py:190} INFO - [2026-06-27T18:40:47.971+0000] {dag.py:4180} INFO - Setting next_dagrun for travel_pipeline to 2026-06-27 00:00:00+00:00, run_after=2026-06-28 00:00:00+00:00
[2026-06-27T18:40:48.065+0000] {processor.py:208} INFO - Processing /opt/airflow/dags/travel_pipeline_dag.py took 0.472 seconds
[2026-06-27T18:41:18.647+0000] {processor.py:186} INFO - Started process (PID=229) to work on /opt/airflow/dags/travel_pipeline_dag.py
[2026-06-27T18:41:18.651+0000] {processor.py:914} INFO - Processing file /opt/airflow/dags/travel_pipeline_dag.py for tasks to queue
[2026-06-27T18:41:18.661+0000] {logging_mixin.py:190} INFO - [2026-06-27T18:41:18.656+0000] {dagbag.py:588} INFO - Filling up the DagBag from /opt/airflow/dags/travel_pipeline_dag.py
[2026-06-27T18:41:18.778+0000] {processor.py:925} INFO - DAG(s) 'travel_pipeline' retrieved from /opt/airflow/dags/travel_pipeline_dag.py
[2026-06-27T18:41:19.186+0000] {logging_mixin.py:190} INFO - [2026-06-27T18:41:19.185+0000] {dag.py:3239} INFO - Sync 1 DAGs
[2026-06-27T18:41:19.325+0000] {logging_mixin.py:190} INFO - [2026-06-27T18:41:19.322+0000] {dag.py:4180} INFO - Setting next_dagrun for travel_pipeline to 2026-06-27 00:00:00+00:00, run_after=2026-06-28 00:00:00+00:00
[2026-06-27T18:41:19.408+0000] {processor.py:208} INFO - Processing /opt/airflow/dags/travel_pipeline_dag.py took 0.789 seconds
[2026-06-27T18:41:50.004+0000] {processor.py:186} INFO - Started process (PID=242) to work on /opt/airflow/dags/travel_pipeline_dag.py
[2026-06-27T18:41:50.015+0000] {processor.py:914} INFO - Processing file /opt/airflow/dags/travel_pipeline_dag.py for tasks to queue
[2026-06-27T18:41:50.113+0000] {logging_mixin.py:190} INFO - [2026-06-27T18:41:50.112+0000] {dagbag.py:588} INFO - Filling up the DagBag from /opt/airflow/dags/travel_pipeline_dag.py
[2026-06-27T18:41:50.208+0000] {processor.py:925} INFO - DAG(s) 'travel_pipeline' retrieved from /opt/airflow/dags/travel_pipeline_dag.py
[2026-06-27T18:41:50.357+0000] {logging_mixin.py:190} INFO - [2026-06-27T18:41:50.356+0000] {dag.py:3239} INFO - Sync 1 DAGs
[2026-06-27T18:41:51.090+0000] {logging_mixin.py:190} INFO - [2026-06-27T18:41:51.075+0000] {dag.py:4180} INFO - Setting next_dagrun for travel_pipeline to 2026-06-27 00:00:00+00:00, run_after=2026-06-28 00:00:00+00:00
[2026-06-27T18:41:51.289+0000] {processor.py:208} INFO - Processing /opt/airflow/dags/travel_pipeline_dag.py took 1.329 seconds
[2026-06-27T18:42:22.574+0000] {processor.py:186} INFO - Started process (PID=259) to work on /opt/airflow/dags/travel_pipeline_dag.py
[2026-06-27T18:42:22.580+0000] {processor.py:914} INFO - Processing file /opt/airflow/dags/travel_pipeline_dag.py for tasks to queue
[2026-06-27T18:42:22.593+0000] {logging_mixin.py:190} INFO - [2026-06-27T18:42:22.592+0000] {dagbag.py:588} INFO - Filling up the DagBag from /opt/airflow/dags/travel_pipeline_dag.py
[2026-06-27T18:42:22.806+0000] {processor.py:925} INFO - DAG(s) 'travel_pipeline' retrieved from /opt/airflow/dags/travel_pipeline_dag.py
[2026-06-27T18:42:23.067+0000] {logging_mixin.py:190} INFO - [2026-06-27T18:42:23.067+0000] {dag.py:3239} INFO - Sync 1 DAGs
[2026-06-27T18:42:23.337+0000] {logging_mixin.py:190} INFO - [2026-06-27T18:42:23.325+0000] {dag.py:4180} INFO - Setting next_dagrun for travel_pipeline to 2026-06-27 00:00:00+00:00, run_after=2026-06-28 00:00:00+00:00
[2026-06-27T18:42:23.577+0000] {processor.py:208} INFO - Processing /opt/airflow/dags/travel_pipeline_dag.py took 1.051 seconds
[2026-06-27T18:42:53.881+0000] {processor.py:186} INFO - Started process (PID=265) to work on /opt/airflow/dags/travel_pipeline_dag.py
[2026-06-27T18:42:53.885+0000] {processor.py:914} INFO - Processing file /opt/airflow/dags/travel_pipeline_dag.py for tasks to queue
[2026-06-27T18:42:53.894+0000] {logging_mixin.py:190} INFO - [2026-06-27T18:42:53.892+0000] {dagbag.py:588} INFO - Filling up the DagBag from /opt/airflow/dags/travel_pipeline_dag.py
[2026-06-27T18:42:53.955+0000] {processor.py:925} INFO - DAG(s) 'travel_pipeline' retrieved from /opt/airflow/dags/travel_pipeline_dag.py
[2026-06-27T18:42:54.097+0000] {logging_mixin.py:190} INFO - [2026-06-27T18:42:54.096+0000] {dag.py:3239} INFO - Sync 1 DAGs
[2026-06-27T18:42:54.264+0000] {logging_mixin.py:190} INFO - [2026-06-27T18:42:54.263+0000] {dag.py:4180} INFO - Setting next_dagrun for travel_pipeline to 2026-06-27 00:00:00+00:00, run_after=2026-06-28 00:00:00+00:00
[2026-06-27T18:42:54.592+0000] {processor.py:208} INFO - Processing /opt/airflow/dags/travel_pipeline_dag.py took 0.731 seconds
[2026-06-27T18:43:25.070+0000] {processor.py:186} INFO - Started process (PID=280) to work on /opt/airflow/dags/travel_pipeline_dag.py
[2026-06-27T18:43:25.073+0000] {processor.py:914} INFO - Processing file /opt/airflow/dags/travel_pipeline_dag.py for tasks to queue
[2026-06-27T18:43:25.079+0000] {logging_mixin.py:190} INFO - [2026-06-27T18:43:25.078+0000] {dagbag.py:588} INFO - Filling up the DagBag from /opt/airflow/dags/travel_pipeline_dag.py
[2026-06-27T18:43:25.159+0000] {processor.py:925} INFO - DAG(s) 'travel_pipeline' retrieved from /opt/airflow/dags/travel_pipeline_dag.py
[2026-06-27T18:43:25.345+0000] {logging_mixin.py:190} INFO - [2026-06-27T18:43:25.344+0000] {dag.py:3239} INFO - Sync 1 DAGs
[2026-06-27T18:43:25.481+0000] {logging_mixin.py:190} INFO - [2026-06-27T18:43:25.480+0000] {dag.py:4180} INFO - Setting next_dagrun for travel_pipeline to 2026-06-27 00:00:00+00:00, run_after=2026-06-28 00:00:00+00:00
[2026-06-27T18:43:25.571+0000] {processor.py:208} INFO - Processing /opt/airflow/dags/travel_pipeline_dag.py took 0.518 seconds
[2026-06-27T18:43:55.774+0000] {processor.py:186} INFO - Started process (PID=285) to work on /opt/airflow/dags/travel_pipeline_dag.py
[2026-06-27T18:43:55.776+0000] {processor.py:914} INFO - Processing file /opt/airflow/dags/travel_pipeline_dag.py for tasks to queue
[2026-06-27T18:43:55.781+0000] {logging_mixin.py:190} INFO - [2026-06-27T18:43:55.780+0000] {dagbag.py:588} INFO - Filling up the DagBag from /opt/airflow/dags/travel_pipeline_dag.py
[2026-06-27T18:43:55.847+0000] {processor.py:925} INFO - DAG(s) 'travel_pipeline' retrieved from /opt/airflow/dags/travel_pipeline_dag.py
[2026-06-27T18:43:55.944+0000] {logging_mixin.py:190} INFO - [2026-06-27T18:43:55.943+0000] {dag.py:3239} INFO - Sync 1 DAGs
[2026-06-27T18:43:56.022+0000] {logging_mixin.py:190} INFO - [2026-06-27T18:43:56.021+0000] {dag.py:4180} INFO - Setting next_dagrun for travel_pipeline to 2026-06-27 00:00:00+00:00, run_after=2026-06-28 00:00:00+00:00
[2026-06-27T18:43:56.103+0000] {processor.py:208} INFO - Processing /opt/airflow/dags/travel_pipeline_dag.py took 0.348 seconds
[2026-06-27T18:44:30.413+0000] {processor.py:186} INFO - Started process (PID=292) to work on /opt/airflow/dags/travel_pipeline_dag.py
[2026-06-27T18:44:30.477+0000] {processor.py:914} INFO - Processing file /opt/airflow/dags/travel_pipeline_dag.py for tasks to queue
[2026-06-27T18:44:30.555+0000] {logging_mixin.py:190} INFO - [2026-06-27T18:44:30.542+0000] {dagbag.py:588} INFO - Filling up the DagBag from /opt/airflow/dags/travel_pipeline_dag.py
[2026-06-27T18:44:31.988+0000] {processor.py:925} INFO - DAG(s) 'travel_pipeline' retrieved from /opt/airflow/dags/travel_pipeline_dag.py
[2026-06-27T18:44:32.265+0000] {logging_mixin.py:190} INFO - [2026-06-27T18:44:32.264+0000] {dag.py:3239} INFO - Sync 1 DAGs
[2026-06-27T18:44:32.557+0000] {logging_mixin.py:190} INFO - [2026-06-27T18:44:32.555+0000] {dag.py:4180} INFO - Setting next_dagrun for travel_pipeline to 2026-06-27 00:00:00+00:00, run_after=2026-06-28 00:00:00+00:00
[2026-06-27T18:44:32.989+0000] {processor.py:208} INFO - Processing /opt/airflow/dags/travel_pipeline_dag.py took 2.656 seconds
[2026-06-27T18:45:03.944+0000] {processor.py:186} INFO - Started process (PID=305) to work on /opt/airflow/dags/travel_pipeline_dag.py
[2026-06-27T18:45:03.953+0000] {processor.py:914} INFO - Processing file /opt/airflow/dags/travel_pipeline_dag.py for tasks to queue
[2026-06-27T18:45:03.963+0000] {logging_mixin.py:190} INFO - [2026-06-27T18:45:03.962+0000] {dagbag.py:588} INFO - Filling up the DagBag from /opt/airflow/dags/travel_pipeline_dag.py
[2026-06-27T18:45:05.108+0000] {processor.py:925} INFO - DAG(s) 'travel_pipeline' retrieved from /opt/airflow/dags/travel_pipeline_dag.py
[2026-06-27T18:45:05.364+0000] {logging_mixin.py:190} INFO - [2026-06-27T18:45:05.363+0000] {dag.py:3239} INFO - Sync 1 DAGs
[2026-06-27T18:45:05.650+0000] {logging_mixin.py:190} INFO - [2026-06-27T18:45:05.650+0000] {dag.py:4180} INFO - Setting next_dagrun for travel_pipeline to 2026-06-27 00:00:00+00:00, run_after=2026-06-28 00:00:00+00:00
[2026-06-27T18:45:06.009+0000] {processor.py:208} INFO - Processing /opt/airflow/dags/travel_pipeline_dag.py took 2.105 seconds
[2026-06-27T18:45:36.254+0000] {processor.py:186} INFO - Started process (PID=310) to work on /opt/airflow/dags/travel_pipeline_dag.py
[2026-06-27T18:45:36.258+0000] {processor.py:914} INFO - Processing file /opt/airflow/dags/travel_pipeline_dag.py for tasks to queue
[2026-06-27T18:45:36.265+0000] {logging_mixin.py:190} INFO - [2026-06-27T18:45:36.264+0000] {dagbag.py:588} INFO - Filling up the DagBag from /opt/airflow/dags/travel_pipeline_dag.py
[2026-06-27T18:45:36.332+0000] {processor.py:925} INFO - DAG(s) 'travel_pipeline' retrieved from /opt/airflow/dags/travel_pipeline_dag.py
[2026-06-27T18:45:36.443+0000] {logging_mixin.py:190} INFO - [2026-06-27T18:45:36.440+0000] {dag.py:3239} INFO - Sync 1 DAGs
[2026-06-27T18:45:36.538+0000] {logging_mixin.py:190} INFO - [2026-06-27T18:45:36.537+0000] {dag.py:4180} INFO - Setting next_dagrun for travel_pipeline to 2026-06-27 00:00:00+00:00, run_after=2026-06-28 00:00:00+00:00
[2026-06-27T18:45:36.618+0000] {processor.py:208} INFO - Processing /opt/airflow/dags/travel_pipeline_dag.py took 0.385 seconds
[2026-06-27T18:46:06.978+0000] {processor.py:186} INFO - Started process (PID=315) to work on /opt/airflow/dags/travel_pipeline_dag.py
[2026-06-27T18:46:06.982+0000] {processor.py:914} INFO - Processing file /opt/airflow/dags/travel_pipeline_dag.py for tasks to queue
[2026-06-27T18:46:06.989+0000] {logging_mixin.py:190} INFO - [2026-06-27T18:46:06.989+0000] {dagbag.py:588} INFO - Filling up the DagBag from /opt/airflow/dags/travel_pipeline_dag.py
[2026-06-27T18:46:07.041+0000] {processor.py:925} INFO - DAG(s) 'travel_pipeline' retrieved from /opt/airflow/dags/travel_pipeline_dag.py
[2026-06-27T18:46:07.131+0000] {logging_mixin.py:190} INFO - [2026-06-27T18:46:07.130+0000] {dag.py:3239} INFO - Sync 1 DAGs
[2026-06-27T18:46:07.189+0000] {logging_mixin.py:190} INFO - [2026-06-27T18:46:07.188+0000] {dag.py:4180} INFO - Setting next_dagrun for travel_pipeline to 2026-06-27 00:00:00+00:00, run_after=2026-06-28 00:00:00+00:00
[2026-06-27T18:46:07.226+0000] {processor.py:208} INFO - Processing /opt/airflow/dags/travel_pipeline_dag.py took 0.268 seconds
[2026-06-27T18:46:37.618+0000] {processor.py:186} INFO - Started process (PID=320) to work on /opt/airflow/dags/travel_pipeline_dag.py
[2026-06-27T18:46:37.620+0000] {processor.py:914} INFO - Processing file /opt/airflow/dags/travel_pipeline_dag.py for tasks to queue
[2026-06-27T18:46:37.625+0000] {logging_mixin.py:190} INFO - [2026-06-27T18:46:37.624+0000] {dagbag.py:588} INFO - Filling up the DagBag from /opt/airflow/dags/travel_pipeline_dag.py
[2026-06-27T18:46:37.669+0000] {processor.py:925} INFO - DAG(s) 'travel_pipeline' retrieved from /opt/airflow/dags/travel_pipeline_dag.py
[2026-06-27T18:46:37.738+0000] {logging_mixin.py:190} INFO - [2026-06-27T18:46:37.738+0000] {dag.py:3239} INFO - Sync 1 DAGs
[2026-06-27T18:46:37.807+0000] {logging_mixin.py:190} INFO - [2026-06-27T18:46:37.806+0000] {dag.py:4180} INFO - Setting next_dagrun for travel_pipeline to 2026-06-27 00:00:00+00:00, run_after=2026-06-28 00:00:00+00:00
[2026-06-27T18:46:37.849+0000] {processor.py:208} INFO - Processing /opt/airflow/dags/travel_pipeline_dag.py took 0.243 seconds
[2026-06-27T18:47:08.010+0000] {processor.py:186} INFO - Started process (PID=325) to work on /opt/airflow/dags/travel_pipeline_dag.py
[2026-06-27T18:47:08.012+0000] {processor.py:914} INFO - Processing file /opt/airflow/dags/travel_pipeline_dag.py for tasks to queue
[2026-06-27T18:47:08.017+0000] {logging_mixin.py:190} INFO - [2026-06-27T18:47:08.016+0000] {dagbag.py:588} INFO - Filling up the DagBag from /opt/airflow/dags/travel_pipeline_dag.py
[2026-06-27T18:47:08.085+0000] {processor.py:925} INFO - DAG(s) 'travel_pipeline' retrieved from /opt/airflow/dags/travel_pipeline_dag.py
[2026-06-27T18:47:08.143+0000] {logging_mixin.py:190} INFO - [2026-06-27T18:47:08.142+0000] {dag.py:3239} INFO - Sync 1 DAGs
[2026-06-27T18:47:08.226+0000] {logging_mixin.py:190} INFO - [2026-06-27T18:47:08.225+0000] {dag.py:4180} INFO - Setting next_dagrun for travel_pipeline to 2026-06-27 00:00:00+00:00, run_after=2026-06-28 00:00:00+00:00
[2026-06-27T18:47:08.280+0000] {processor.py:208} INFO - Processing /opt/airflow/dags/travel_pipeline_dag.py took 0.282 seconds
[2026-06-27T18:47:38.868+0000] {processor.py:186} INFO - Started process (PID=330) to work on /opt/airflow/dags/travel_pipeline_dag.py
[2026-06-27T18:47:38.869+0000] {processor.py:914} INFO - Processing file /opt/airflow/dags/travel_pipeline_dag.py for tasks to queue
[2026-06-27T18:47:38.873+0000] {logging_mixin.py:190} INFO - [2026-06-27T18:47:38.873+0000] {dagbag.py:588} INFO - Filling up the DagBag from /opt/airflow/dags/travel_pipeline_dag.py
[2026-06-27T18:47:38.915+0000] {processor.py:925} INFO - DAG(s) 'travel_pipeline' retrieved from /opt/airflow/dags/travel_pipeline_dag.py
[2026-06-27T18:47:38.987+0000] {logging_mixin.py:190} INFO - [2026-06-27T18:47:38.987+0000] {dag.py:3239} INFO - Sync 1 DAGs
[2026-06-27T18:47:39.041+0000] {logging_mixin.py:190} INFO - [2026-06-27T18:47:39.040+0000] {dag.py:4180} INFO - Setting next_dagrun for travel_pipeline to 2026-06-27 00:00:00+00:00, run_after=2026-06-28 00:00:00+00:00
[2026-06-27T18:47:39.089+0000] {processor.py:208} INFO - Processing /opt/airflow/dags/travel_pipeline_dag.py took 0.238 seconds
[2026-06-27T18:48:09.464+0000] {processor.py:186} INFO - Started process (PID=335) to work on /opt/airflow/dags/travel_pipeline_dag.py
[2026-06-27T18:48:09.465+0000] {processor.py:914} INFO - Processing file /opt/airflow/dags/travel_pipeline_dag.py for tasks to queue
[2026-06-27T18:48:09.469+0000] {logging_mixin.py:190} INFO - [2026-06-27T18:48:09.468+0000] {dagbag.py:588} INFO - Filling up the DagBag from /opt/airflow/dags/travel_pipeline_dag.py
[2026-06-27T18:48:09.502+0000] {processor.py:925} INFO - DAG(s) 'travel_pipeline' retrieved from /opt/airflow/dags/travel_pipeline_dag.py
[2026-06-27T18:48:09.568+0000] {logging_mixin.py:190} INFO - [2026-06-27T18:48:09.568+0000] {dag.py:3239} INFO - Sync 1 DAGs
[2026-06-27T18:48:09.628+0000] {logging_mixin.py:190} INFO - [2026-06-27T18:48:09.628+0000] {dag.py:4180} INFO - Setting next_dagrun for travel_pipeline to 2026-06-27 00:00:00+00:00, run_after=2026-06-28 00:00:00+00:00
[2026-06-27T18:48:09.667+0000] {processor.py:208} INFO - Processing /opt/airflow/dags/travel_pipeline_dag.py took 0.216 seconds
[2026-06-27T18:48:40.290+0000] {processor.py:186} INFO - Started process (PID=340) to work on /opt/airflow/dags/travel_pipeline_dag.py
[2026-06-27T18:48:40.292+0000] {processor.py:914} INFO - Processing file /opt/airflow/dags/travel_pipeline_dag.py for tasks to queue
[2026-06-27T18:48:40.296+0000] {logging_mixin.py:190} INFO - [2026-06-27T18:48:40.295+0000] {dagbag.py:588} INFO - Filling up the DagBag from /opt/airflow/dags/travel_pipeline_dag.py
[2026-06-27T18:48:40.330+0000] {processor.py:925} INFO - DAG(s) 'travel_pipeline' retrieved from /opt/airflow/dags/travel_pipeline_dag.py
[2026-06-27T18:48:40.394+0000] {logging_mixin.py:190} INFO - [2026-06-27T18:48:40.394+0000] {dag.py:3239} INFO - Sync 1 DAGs
[2026-06-27T18:48:40.467+0000] {logging_mixin.py:190} INFO - [2026-06-27T18:48:40.466+0000] {dag.py:4180} INFO - Setting next_dagrun for travel_pipeline to 2026-06-27 00:00:00+00:00, run_after=2026-06-28 00:00:00+00:00
[2026-06-27T18:48:40.522+0000] {processor.py:208} INFO - Processing /opt/airflow/dags/travel_pipeline_dag.py took 0.243 seconds
[2026-06-27T18:49:10.968+0000] {processor.py:186} INFO - Started process (PID=345) to work on /opt/airflow/dags/travel_pipeline_dag.py
[2026-06-27T18:49:10.970+0000] {processor.py:914} INFO - Processing file /opt/airflow/dags/travel_pipeline_dag.py for tasks to queue
[2026-06-27T18:49:10.975+0000] {logging_mixin.py:190} INFO - [2026-06-27T18:49:10.974+0000] {dagbag.py:588} INFO - Filling up the DagBag from /opt/airflow/dags/travel_pipeline_dag.py
[2026-06-27T18:49:11.017+0000] {processor.py:925} INFO - DAG(s) 'travel_pipeline' retrieved from /opt/airflow/dags/travel_pipeline_dag.py
[2026-06-27T18:49:11.073+0000] {logging_mixin.py:190} INFO - [2026-06-27T18:49:11.073+0000] {dag.py:3239} INFO - Sync 1 DAGs
[2026-06-27T18:49:11.126+0000] {logging_mixin.py:190} INFO - [2026-06-27T18:49:11.125+0000] {dag.py:4180} INFO - Setting next_dagrun for travel_pipeline to 2026-06-27 00:00:00+00:00, run_after=2026-06-28 00:00:00+00:00
[2026-06-27T18:49:11.163+0000] {processor.py:208} INFO - Processing /opt/airflow/dags/travel_pipeline_dag.py took 0.211 seconds
[2026-06-27T18:49:41.810+0000] {processor.py:186} INFO - Started process (PID=350) to work on /opt/airflow/dags/travel_pipeline_dag.py
[2026-06-27T18:49:41.811+0000] {processor.py:914} INFO - Processing file /opt/airflow/dags/travel_pipeline_dag.py for tasks to queue
[2026-06-27T18:49:41.816+0000] {logging_mixin.py:190} INFO - [2026-06-27T18:49:41.815+0000] {dagbag.py:588} INFO - Filling up the DagBag from /opt/airflow/dags/travel_pipeline_dag.py
[2026-06-27T18:49:41.855+0000] {processor.py:925} INFO - DAG(s) 'travel_pipeline' retrieved from /opt/airflow/dags/travel_pipeline_dag.py
[2026-06-27T18:49:41.910+0000] {logging_mixin.py:190} INFO - [2026-06-27T18:49:41.910+0000] {dag.py:3239} INFO - Sync 1 DAGs
[2026-06-27T18:49:41.959+0000] {logging_mixin.py:190} INFO - [2026-06-27T18:49:41.958+0000] {dag.py:4180} INFO - Setting next_dagrun for travel_pipeline to 2026-06-27 00:00:00+00:00, run_after=2026-06-28 00:00:00+00:00
[2026-06-27T18:49:41.997+0000] {processor.py:208} INFO - Processing /opt/airflow/dags/travel_pipeline_dag.py took 0.197 seconds
[2026-06-27T18:50:13.306+0000] {processor.py:186} INFO - Started process (PID=355) to work on /opt/airflow/dags/travel_pipeline_dag.py
[2026-06-27T18:50:13.331+0000] {processor.py:914} INFO - Processing file /opt/airflow/dags/travel_pipeline_dag.py for tasks to queue
[2026-06-27T18:50:13.361+0000] {logging_mixin.py:190} INFO - [2026-06-27T18:50:13.360+0000] {dagbag.py:588} INFO - Filling up the DagBag from /opt/airflow/dags/travel_pipeline_dag.py
[2026-06-27T18:50:13.794+0000] {processor.py:925} INFO - DAG(s) 'travel_pipeline' retrieved from /opt/airflow/dags/travel_pipeline_dag.py
[2026-06-27T18:50:14.012+0000] {logging_mixin.py:190} INFO - [2026-06-27T18:50:14.001+0000] {dag.py:3239} INFO - Sync 1 DAGs
[2026-06-27T18:50:14.137+0000] {logging_mixin.py:190} INFO - [2026-06-27T18:50:14.137+0000] {dag.py:4180} INFO - Setting next_dagrun for travel_pipeline to 2026-06-27 00:00:00+00:00, run_after=2026-06-28 00:00:00+00:00
[2026-06-27T18:50:14.185+0000] {processor.py:208} INFO - Processing /opt/airflow/dags/travel_pipeline_dag.py took 0.918 seconds
[2026-06-27T18:50:41.258+0000] {processor.py:186} INFO - Started process (PID=373) to work on /opt/airflow/dags/travel_pipeline_dag.py
[2026-06-27T18:50:41.261+0000] {processor.py:914} INFO - Processing file /opt/airflow/dags/travel_pipeline_dag.py for tasks to queue
[2026-06-27T18:50:41.269+0000] {logging_mixin.py:190} INFO - [2026-06-27T18:50:41.267+0000] {dagbag.py:588} INFO - Filling up the DagBag from /opt/airflow/dags/travel_pipeline_dag.py
[2026-06-27T18:50:41.332+0000] {processor.py:925} INFO - DAG(s) 'travel_pipeline' retrieved from /opt/airflow/dags/travel_pipeline_dag.py
[2026-06-27T18:50:41.500+0000] {logging_mixin.py:190} INFO - [2026-06-27T18:50:41.500+0000] {dag.py:3239} INFO - Sync 1 DAGs
[2026-06-27T18:50:41.683+0000] {logging_mixin.py:190} INFO - [2026-06-27T18:50:41.682+0000] {dag.py:4180} INFO - Setting next_dagrun for travel_pipeline to 2026-06-27 00:00:00+00:00, run_after=2026-06-28 00:00:00+00:00
[2026-06-27T18:50:41.879+0000] {processor.py:208} INFO - Processing /opt/airflow/dags/travel_pipeline_dag.py took 0.652 seconds
[2026-06-27T18:51:12.516+0000] {processor.py:186} INFO - Started process (PID=378) to work on /opt/airflow/dags/travel_pipeline_dag.py
[2026-06-27T18:51:12.518+0000] {processor.py:914} INFO - Processing file /opt/airflow/dags/travel_pipeline_dag.py for tasks to queue
[2026-06-27T18:51:12.524+0000] {logging_mixin.py:190} INFO - [2026-06-27T18:51:12.523+0000] {dagbag.py:588} INFO - Filling up the DagBag from /opt/airflow/dags/travel_pipeline_dag.py
[2026-06-27T18:51:12.589+0000] {processor.py:925} INFO - DAG(s) 'travel_pipeline' retrieved from /opt/airflow/dags/travel_pipeline_dag.py
[2026-06-27T18:51:12.686+0000] {logging_mixin.py:190} INFO - [2026-06-27T18:51:12.685+0000] {dag.py:3239} INFO - Sync 1 DAGs
[2026-06-27T18:51:12.764+0000] {logging_mixin.py:190} INFO - [2026-06-27T18:51:12.764+0000] {dag.py:4180} INFO - Setting next_dagrun for travel_pipeline to 2026-06-27 00:00:00+00:00, run_after=2026-06-28 00:00:00+00:00
[2026-06-27T18:51:12.853+0000] {processor.py:208} INFO - Processing /opt/airflow/dags/travel_pipeline_dag.py took 0.356 seconds
[2026-06-27T18:51:43.446+0000] {processor.py:186} INFO - Started process (PID=383) to work on /opt/airflow/dags/travel_pipeline_dag.py
[2026-06-27T18:51:43.447+0000] {processor.py:914} INFO - Processing file /opt/airflow/dags/travel_pipeline_dag.py for tasks to queue
[2026-06-27T18:51:43.454+0000] {logging_mixin.py:190} INFO - [2026-06-27T18:51:43.453+0000] {dagbag.py:588} INFO - Filling up the DagBag from /opt/airflow/dags/travel_pipeline_dag.py
[2026-06-27T18:51:43.498+0000] {processor.py:925} INFO - DAG(s) 'travel_pipeline' retrieved from /opt/airflow/dags/travel_pipeline_dag.py
[2026-06-27T18:51:43.581+0000] {logging_mixin.py:190} INFO - [2026-06-27T18:51:43.581+0000] {dag.py:3239} INFO - Sync 1 DAGs
[2026-06-27T18:51:43.666+0000] {logging_mixin.py:190} INFO - [2026-06-27T18:51:43.665+0000] {dag.py:4180} INFO - Setting next_dagrun for travel_pipeline to 2026-06-27 00:00:00+00:00, run_after=2026-06-28 00:00:00+00:00
[2026-06-27T18:51:43.762+0000] {processor.py:208} INFO - Processing /opt/airflow/dags/travel_pipeline_dag.py took 0.334 seconds
[2026-06-27T18:52:13.950+0000] {processor.py:186} INFO - Started process (PID=395) to work on /opt/airflow/dags/travel_pipeline_dag.py
[2026-06-27T18:52:13.952+0000] {processor.py:914} INFO - Processing file /opt/airflow/dags/travel_pipeline_dag.py for tasks to queue
[2026-06-27T18:52:13.956+0000] {logging_mixin.py:190} INFO - [2026-06-27T18:52:13.956+0000] {dagbag.py:588} INFO - Filling up the DagBag from /opt/airflow/dags/travel_pipeline_dag.py
[2026-06-27T18:52:14.003+0000] {processor.py:925} INFO - DAG(s) 'travel_pipeline' retrieved from /opt/airflow/dags/travel_pipeline_dag.py
[2026-06-27T18:52:14.195+0000] {logging_mixin.py:190} INFO - [2026-06-27T18:52:14.194+0000] {dag.py:3239} INFO - Sync 1 DAGs
[2026-06-27T18:52:14.354+0000] {logging_mixin.py:190} INFO - [2026-06-27T18:52:14.352+0000] {dag.py:4180} INFO - Setting next_dagrun for travel_pipeline to 2026-06-27 00:00:00+00:00, run_after=2026-06-28 00:00:00+00:00
[2026-06-27T18:52:14.426+0000] {processor.py:208} INFO - Processing /opt/airflow/dags/travel_pipeline_dag.py took 0.491 seconds
[2026-06-27T18:52:44.791+0000] {processor.py:186} INFO - Started process (PID=403) to work on /opt/airflow/dags/travel_pipeline_dag.py
[2026-06-27T18:52:44.793+0000] {processor.py:914} INFO - Processing file /opt/airflow/dags/travel_pipeline_dag.py for tasks to queue
[2026-06-27T18:52:44.799+0000] {logging_mixin.py:190} INFO - [2026-06-27T18:52:44.798+0000] {dagbag.py:588} INFO - Filling up the DagBag from /opt/airflow/dags/travel_pipeline_dag.py
[2026-06-27T18:52:44.846+0000] {processor.py:925} INFO - DAG(s) 'travel_pipeline' retrieved from /opt/airflow/dags/travel_pipeline_dag.py
[2026-06-27T18:52:44.901+0000] {logging_mixin.py:190} INFO - [2026-06-27T18:52:44.901+0000] {dag.py:3239} INFO - Sync 1 DAGs
[2026-06-27T18:52:44.952+0000] {logging_mixin.py:190} INFO - [2026-06-27T18:52:44.951+0000] {dag.py:4180} INFO - Setting next_dagrun for travel_pipeline to 2026-06-27 00:00:00+00:00, run_after=2026-06-28 00:00:00+00:00
[2026-06-27T18:52:44.986+0000] {processor.py:208} INFO - Processing /opt/airflow/dags/travel_pipeline_dag.py took 0.213 seconds
[2026-06-27T18:53:15.420+0000] {processor.py:186} INFO - Started process (PID=408) to work on /opt/airflow/dags/travel_pipeline_dag.py
[2026-06-27T18:53:15.423+0000] {processor.py:914} INFO - Processing file /opt/airflow/dags/travel_pipeline_dag.py for tasks to queue
[2026-06-27T18:53:15.428+0000] {logging_mixin.py:190} INFO - [2026-06-27T18:53:15.428+0000] {dagbag.py:588} INFO - Filling up the DagBag from /opt/airflow/dags/travel_pipeline_dag.py
[2026-06-27T18:53:15.486+0000] {processor.py:925} INFO - DAG(s) 'travel_pipeline' retrieved from /opt/airflow/dags/travel_pipeline_dag.py
[2026-06-27T18:53:15.553+0000] {logging_mixin.py:190} INFO - [2026-06-27T18:53:15.553+0000] {dag.py:3239} INFO - Sync 1 DAGs
[2026-06-27T18:53:15.602+0000] {logging_mixin.py:190} INFO - [2026-06-27T18:53:15.602+0000] {dag.py:4180} INFO - Setting next_dagrun for travel_pipeline to 2026-06-27 00:00:00+00:00, run_after=2026-06-28 00:00:00+00:00
[2026-06-27T18:53:15.637+0000] {processor.py:208} INFO - Processing /opt/airflow/dags/travel_pipeline_dag.py took 0.241 seconds
[2026-06-27T18:53:46.094+0000] {processor.py:186} INFO - Started process (PID=413) to work on /opt/airflow/dags/travel_pipeline_dag.py
[2026-06-27T18:53:46.098+0000] {processor.py:914} INFO - Processing file /opt/airflow/dags/travel_pipeline_dag.py for tasks to queue
[2026-06-27T18:53:46.104+0000] {logging_mixin.py:190} INFO - [2026-06-27T18:53:46.103+0000] {dagbag.py:588} INFO - Filling up the DagBag from /opt/airflow/dags/travel_pipeline_dag.py
[2026-06-27T18:53:46.187+0000] {processor.py:925} INFO - DAG(s) 'travel_pipeline' retrieved from /opt/airflow/dags/travel_pipeline_dag.py
[2026-06-27T18:53:46.252+0000] {logging_mixin.py:190} INFO - [2026-06-27T18:53:46.252+0000] {dag.py:3239} INFO - Sync 1 DAGs
[2026-06-27T18:53:46.304+0000] {logging_mixin.py:190} INFO - [2026-06-27T18:53:46.303+0000] {dag.py:4180} INFO - Setting next_dagrun for travel_pipeline to 2026-06-27 00:00:00+00:00, run_after=2026-06-28 00:00:00+00:00
[2026-06-27T18:53:46.343+0000] {processor.py:208} INFO - Processing /opt/airflow/dags/travel_pipeline_dag.py took 0.270 seconds
[2026-06-27T18:54:16.686+0000] {processor.py:186} INFO - Started process (PID=418) to work on /opt/airflow/dags/travel_pipeline_dag.py
[2026-06-27T18:54:16.688+0000] {processor.py:914} INFO - Processing file /opt/airflow/dags/travel_pipeline_dag.py for tasks to queue
[2026-06-27T18:54:16.692+0000] {logging_mixin.py:190} INFO - [2026-06-27T18:54:16.691+0000] {dagbag.py:588} INFO - Filling up the DagBag from /opt/airflow/dags/travel_pipeline_dag.py
[2026-06-27T18:54:16.732+0000] {processor.py:925} INFO - DAG(s) 'travel_pipeline' retrieved from /opt/airflow/dags/travel_pipeline_dag.py
[2026-06-27T18:54:16.798+0000] {logging_mixin.py:190} INFO - [2026-06-27T18:54:16.798+0000] {dag.py:3239} INFO - Sync 1 DAGs
[2026-06-27T18:54:16.861+0000] {logging_mixin.py:190} INFO - [2026-06-27T18:54:16.861+0000] {dag.py:4180} INFO - Setting next_dagrun for travel_pipeline to 2026-06-27 00:00:00+00:00, run_after=2026-06-28 00:00:00+00:00
[2026-06-27T18:54:16.914+0000] {processor.py:208} INFO - Processing /opt/airflow/dags/travel_pipeline_dag.py took 0.241 seconds
[2026-06-27T18:54:47.326+0000] {processor.py:186} INFO - Started process (PID=423) to work on /opt/airflow/dags/travel_pipeline_dag.py
[2026-06-27T18:54:47.327+0000] {processor.py:914} INFO - Processing file /opt/airflow/dags/travel_pipeline_dag.py for tasks to queue
[2026-06-27T18:54:47.335+0000] {logging_mixin.py:190} INFO - [2026-06-27T18:54:47.334+0000] {dagbag.py:588} INFO - Filling up the DagBag from /opt/airflow/dags/travel_pipeline_dag.py
[2026-06-27T18:54:47.396+0000] {processor.py:925} INFO - DAG(s) 'travel_pipeline' retrieved from /opt/airflow/dags/travel_pipeline_dag.py
[2026-06-27T18:54:47.507+0000] {logging_mixin.py:190} INFO - [2026-06-27T18:54:47.507+0000] {dag.py:3239} INFO - Sync 1 DAGs
[2026-06-27T18:54:47.572+0000] {logging_mixin.py:190} INFO - [2026-06-27T18:54:47.571+0000] {dag.py:4180} INFO - Setting next_dagrun for travel_pipeline to 2026-06-27 00:00:00+00:00, run_after=2026-06-28 00:00:00+00:00
[2026-06-27T18:54:47.613+0000] {processor.py:208} INFO - Processing /opt/airflow/dags/travel_pipeline_dag.py took 0.298 seconds
[2026-06-27T18:55:17.816+0000] {processor.py:186} INFO - Started process (PID=428) to work on /opt/airflow/dags/travel_pipeline_dag.py
[2026-06-27T18:55:17.820+0000] {processor.py:914} INFO - Processing file /opt/airflow/dags/travel_pipeline_dag.py for tasks to queue
[2026-06-27T18:55:17.825+0000] {logging_mixin.py:190} INFO - [2026-06-27T18:55:17.824+0000] {dagbag.py:588} INFO - Filling up the DagBag from /opt/airflow/dags/travel_pipeline_dag.py
[2026-06-27T18:55:17.860+0000] {processor.py:925} INFO - DAG(s) 'travel_pipeline' retrieved from /opt/airflow/dags/travel_pipeline_dag.py
[2026-06-27T18:55:17.956+0000] {logging_mixin.py:190} INFO - [2026-06-27T18:55:17.954+0000] {dag.py:3239} INFO - Sync 1 DAGs
[2026-06-27T18:55:18.074+0000] {logging_mixin.py:190} INFO - [2026-06-27T18:55:18.073+0000] {dag.py:4180} INFO - Setting next_dagrun for travel_pipeline to 2026-06-27 00:00:00+00:00, run_after=2026-06-28 00:00:00+00:00
[2026-06-27T18:55:18.115+0000] {processor.py:208} INFO - Processing /opt/airflow/dags/travel_pipeline_dag.py took 0.314 seconds
[2026-06-27T18:55:48.763+0000] {processor.py:186} INFO - Started process (PID=433) to work on /opt/airflow/dags/travel_pipeline_dag.py
[2026-06-27T18:55:48.765+0000] {processor.py:914} INFO - Processing file /opt/airflow/dags/travel_pipeline_dag.py for tasks to queue
[2026-06-27T18:55:48.776+0000] {logging_mixin.py:190} INFO - [2026-06-27T18:55:48.775+0000] {dagbag.py:588} INFO - Filling up the DagBag from /opt/airflow/dags/travel_pipeline_dag.py
[2026-06-27T18:55:48.828+0000] {processor.py:925} INFO - DAG(s) 'travel_pipeline' retrieved from /opt/airflow/dags/travel_pipeline_dag.py
[2026-06-27T18:55:48.912+0000] {logging_mixin.py:190} INFO - [2026-06-27T18:55:48.911+0000] {dag.py:3239} INFO - Sync 1 DAGs
[2026-06-27T18:55:49.021+0000] {logging_mixin.py:190} INFO - [2026-06-27T18:55:49.021+0000] {dag.py:4180} INFO - Setting next_dagrun for travel_pipeline to 2026-06-27 00:00:00+00:00, run_after=2026-06-28 00:00:00+00:00
[2026-06-27T18:55:49.065+0000] {processor.py:208} INFO - Processing /opt/airflow/dags/travel_pipeline_dag.py took 0.327 seconds
[2026-06-27T18:56:19.235+0000] {processor.py:186} INFO - Started process (PID=438) to work on /opt/airflow/dags/travel_pipeline_dag.py
[2026-06-27T18:56:19.237+0000] {processor.py:914} INFO - Processing file /opt/airflow/dags/travel_pipeline_dag.py for tasks to queue
[2026-06-27T18:56:19.244+0000] {logging_mixin.py:190} INFO - [2026-06-27T18:56:19.243+0000] {dagbag.py:588} INFO - Filling up the DagBag from /opt/airflow/dags/travel_pipeline_dag.py
[2026-06-27T18:56:19.288+0000] {processor.py:925} INFO - DAG(s) 'travel_pipeline' retrieved from /opt/airflow/dags/travel_pipeline_dag.py
[2026-06-27T18:56:19.365+0000] {logging_mixin.py:190} INFO - [2026-06-27T18:56:19.365+0000] {dag.py:3239} INFO - Sync 1 DAGs
[2026-06-27T18:56:19.526+0000] {logging_mixin.py:190} INFO - [2026-06-27T18:56:19.524+0000] {dag.py:4180} INFO - Setting next_dagrun for travel_pipeline to 2026-06-27 00:00:00+00:00, run_after=2026-06-28 00:00:00+00:00
[2026-06-27T18:56:19.615+0000] {processor.py:208} INFO - Processing /opt/airflow/dags/travel_pipeline_dag.py took 0.392 seconds
[2026-06-27T18:56:50.181+0000] {processor.py:186} INFO - Started process (PID=443) to work on /opt/airflow/dags/travel_pipeline_dag.py
[2026-06-27T18:56:50.183+0000] {processor.py:914} INFO - Processing file /opt/airflow/dags/travel_pipeline_dag.py for tasks to queue
[2026-06-27T18:56:50.187+0000] {logging_mixin.py:190} INFO - [2026-06-27T18:56:50.187+0000] {dagbag.py:588} INFO - Filling up the DagBag from /opt/airflow/dags/travel_pipeline_dag.py
[2026-06-27T18:56:50.236+0000] {processor.py:925} INFO - DAG(s) 'travel_pipeline' retrieved from /opt/airflow/dags/travel_pipeline_dag.py
[2026-06-27T18:56:50.362+0000] {logging_mixin.py:190} INFO - [2026-06-27T18:56:50.361+0000] {dag.py:3239} INFO - Sync 1 DAGs
[2026-06-27T18:56:50.487+0000] {logging_mixin.py:190} INFO - [2026-06-27T18:56:50.486+0000] {dag.py:4180} INFO - Setting next_dagrun for travel_pipeline to 2026-06-27 00:00:00+00:00, run_after=2026-06-28 00:00:00+00:00
[2026-06-27T18:56:50.551+0000] {processor.py:208} INFO - Processing /opt/airflow/dags/travel_pipeline_dag.py took 0.381 seconds
[2026-06-27T18:57:20.679+0000] {processor.py:186} INFO - Started process (PID=448) to work on /opt/airflow/dags/travel_pipeline_dag.py
[2026-06-27T18:57:20.681+0000] {processor.py:914} INFO - Processing file /opt/airflow/dags/travel_pipeline_dag.py for tasks to queue
[2026-06-27T18:57:20.687+0000] {logging_mixin.py:190} INFO - [2026-06-27T18:57:20.686+0000] {dagbag.py:588} INFO - Filling up the DagBag from /opt/airflow/dags/travel_pipeline_dag.py
[2026-06-27T18:57:20.725+0000] {processor.py:925} INFO - DAG(s) 'travel_pipeline' retrieved from /opt/airflow/dags/travel_pipeline_dag.py
[2026-06-27T18:57:20.778+0000] {logging_mixin.py:190} INFO - [2026-06-27T18:57:20.778+0000] {dag.py:3239} INFO - Sync 1 DAGs
[2026-06-27T18:57:20.829+0000] {logging_mixin.py:190} INFO - [2026-06-27T18:57:20.828+0000] {dag.py:4180} INFO - Setting next_dagrun for travel_pipeline to 2026-06-27 00:00:00+00:00, run_after=2026-06-28 00:00:00+00:00
[2026-06-27T18:57:20.867+0000] {processor.py:208} INFO - Processing /opt/airflow/dags/travel_pipeline_dag.py took 0.201 seconds
[2026-06-27T18:57:51.154+0000] {processor.py:186} INFO - Started process (PID=453) to work on /opt/airflow/dags/travel_pipeline_dag.py
[2026-06-27T18:57:51.157+0000] {processor.py:914} INFO - Processing file /opt/airflow/dags/travel_pipeline_dag.py for tasks to queue
[2026-06-27T18:57:51.161+0000] {logging_mixin.py:190} INFO - [2026-06-27T18:57:51.160+0000] {dagbag.py:588} INFO - Filling up the DagBag from /opt/airflow/dags/travel_pipeline_dag.py
[2026-06-27T18:57:51.197+0000] {processor.py:925} INFO - DAG(s) 'travel_pipeline' retrieved from /opt/airflow/dags/travel_pipeline_dag.py
[2026-06-27T18:57:51.254+0000] {logging_mixin.py:190} INFO - [2026-06-27T18:57:51.254+0000] {dag.py:3239} INFO - Sync 1 DAGs
[2026-06-27T18:57:51.312+0000] {logging_mixin.py:190} INFO - [2026-06-27T18:57:51.311+0000] {dag.py:4180} INFO - Setting next_dagrun for travel_pipeline to 2026-06-27 00:00:00+00:00, run_after=2026-06-28 00:00:00+00:00
[2026-06-27T18:57:51.353+0000] {processor.py:208} INFO - Processing /opt/airflow/dags/travel_pipeline_dag.py took 0.212 seconds
[2026-06-27T18:58:21.815+0000] {processor.py:186} INFO - Started process (PID=458) to work on /opt/airflow/dags/travel_pipeline_dag.py
[2026-06-27T18:58:21.817+0000] {processor.py:914} INFO - Processing file /opt/airflow/dags/travel_pipeline_dag.py for tasks to queue
[2026-06-27T18:58:21.820+0000] {logging_mixin.py:190} INFO - [2026-06-27T18:58:21.820+0000] {dagbag.py:588} INFO - Filling up the DagBag from /opt/airflow/dags/travel_pipeline_dag.py
[2026-06-27T18:58:21.856+0000] {processor.py:925} INFO - DAG(s) 'travel_pipeline' retrieved from /opt/airflow/dags/travel_pipeline_dag.py
[2026-06-27T18:58:21.917+0000] {logging_mixin.py:190} INFO - [2026-06-27T18:58:21.917+0000] {dag.py:3239} INFO - Sync 1 DAGs
[2026-06-27T18:58:21.966+0000] {logging_mixin.py:190} INFO - [2026-06-27T18:58:21.965+0000] {dag.py:4180} INFO - Setting next_dagrun for travel_pipeline to 2026-06-27 00:00:00+00:00, run_after=2026-06-28 00:00:00+00:00
[2026-06-27T18:58:22.002+0000] {processor.py:208} INFO - Processing /opt/airflow/dags/travel_pipeline_dag.py took 0.201 seconds
[2026-06-27T18:58:52.532+0000] {processor.py:186} INFO - Started process (PID=463) to work on /opt/airflow/dags/travel_pipeline_dag.py
[2026-06-27T18:58:52.534+0000] {processor.py:914} INFO - Processing file /opt/airflow/dags/travel_pipeline_dag.py for tasks to queue
[2026-06-27T18:58:52.545+0000] {logging_mixin.py:190} INFO - [2026-06-27T18:58:52.540+0000] {dagbag.py:588} INFO - Filling up the DagBag from /opt/airflow/dags/travel_pipeline_dag.py
[2026-06-27T18:58:52.606+0000] {processor.py:925} INFO - DAG(s) 'travel_pipeline' retrieved from /opt/airflow/dags/travel_pipeline_dag.py
[2026-06-27T18:58:52.782+0000] {logging_mixin.py:190} INFO - [2026-06-27T18:58:52.781+0000] {dag.py:3239} INFO - Sync 1 DAGs
[2026-06-27T18:58:52.908+0000] {logging_mixin.py:190} INFO - [2026-06-27T18:58:52.908+0000] {dag.py:4180} INFO - Setting next_dagrun for travel_pipeline to 2026-06-27 00:00:00+00:00, run_after=2026-06-28 00:00:00+00:00
[2026-06-27T18:58:52.988+0000] {processor.py:208} INFO - Processing /opt/airflow/dags/travel_pipeline_dag.py took 0.478 seconds
[2026-06-27T18:59:23.734+0000] {processor.py:186} INFO - Started process (PID=485) to work on /opt/airflow/dags/travel_pipeline_dag.py
[2026-06-27T18:59:23.737+0000] {processor.py:914} INFO - Processing file /opt/airflow/dags/travel_pipeline_dag.py for tasks to queue
[2026-06-27T18:59:23.741+0000] {logging_mixin.py:190} INFO - [2026-06-27T18:59:23.741+0000] {dagbag.py:588} INFO - Filling up the DagBag from /opt/airflow/dags/travel_pipeline_dag.py
[2026-06-27T18:59:23.791+0000] {processor.py:925} INFO - DAG(s) 'travel_pipeline' retrieved from /opt/airflow/dags/travel_pipeline_dag.py
[2026-06-27T18:59:23.858+0000] {logging_mixin.py:190} INFO - [2026-06-27T18:59:23.857+0000] {dag.py:3239} INFO - Sync 1 DAGs
[2026-06-27T18:59:23.925+0000] {logging_mixin.py:190} INFO - [2026-06-27T18:59:23.924+0000] {dag.py:4180} INFO - Setting next_dagrun for travel_pipeline to 2026-06-27 00:00:00+00:00, run_after=2026-06-28 00:00:00+00:00
[2026-06-27T18:59:24.000+0000] {processor.py:208} INFO - Processing /opt/airflow/dags/travel_pipeline_dag.py took 0.286 seconds
[2026-06-27T18:59:54.487+0000] {processor.py:186} INFO - Started process (PID=490) to work on /opt/airflow/dags/travel_pipeline_dag.py
[2026-06-27T18:59:54.493+0000] {processor.py:914} INFO - Processing file /opt/airflow/dags/travel_pipeline_dag.py for tasks to queue
[2026-06-27T18:59:54.498+0000] {logging_mixin.py:190} INFO - [2026-06-27T18:59:54.497+0000] {dagbag.py:588} INFO - Filling up the DagBag from /opt/airflow/dags/travel_pipeline_dag.py
[2026-06-27T18:59:54.593+0000] {processor.py:925} INFO - DAG(s) 'travel_pipeline' retrieved from /opt/airflow/dags/travel_pipeline_dag.py
[2026-06-27T18:59:54.787+0000] {logging_mixin.py:190} INFO - [2026-06-27T18:59:54.786+0000] {dag.py:3239} INFO - Sync 1 DAGs
[2026-06-27T18:59:54.898+0000] {logging_mixin.py:190} INFO - [2026-06-27T18:59:54.898+0000] {dag.py:4180} INFO - Setting next_dagrun for travel_pipeline to 2026-06-27 00:00:00+00:00, run_after=2026-06-28 00:00:00+00:00
[2026-06-27T18:59:54.968+0000] {processor.py:208} INFO - Processing /opt/airflow/dags/travel_pipeline_dag.py took 0.500 seconds
[2026-06-27T19:00:25.119+0000] {processor.py:186} INFO - Started process (PID=495) to work on /opt/airflow/dags/travel_pipeline_dag.py
[2026-06-27T19:00:25.121+0000] {processor.py:914} INFO - Processing file /opt/airflow/dags/travel_pipeline_dag.py for tasks to queue
[2026-06-27T19:00:25.127+0000] {logging_mixin.py:190} INFO - [2026-06-27T19:00:25.126+0000] {dagbag.py:588} INFO - Filling up the DagBag from /opt/airflow/dags/travel_pipeline_dag.py
[2026-06-27T19:00:25.169+0000] {processor.py:925} INFO - DAG(s) 'travel_pipeline' retrieved from /opt/airflow/dags/travel_pipeline_dag.py
[2026-06-27T19:00:25.235+0000] {logging_mixin.py:190} INFO - [2026-06-27T19:00:25.234+0000] {dag.py:3239} INFO - Sync 1 DAGs
[2026-06-27T19:00:25.303+0000] {logging_mixin.py:190} INFO - [2026-06-27T19:00:25.302+0000] {dag.py:4180} INFO - Setting next_dagrun for travel_pipeline to 2026-06-27 00:00:00+00:00, run_after=2026-06-28 00:00:00+00:00
[2026-06-27T19:00:25.363+0000] {processor.py:208} INFO - Processing /opt/airflow/dags/travel_pipeline_dag.py took 0.256 seconds
[2026-06-27T19:00:55.583+0000] {processor.py:186} INFO - Started process (PID=510) to work on /opt/airflow/dags/travel_pipeline_dag.py
[2026-06-27T19:00:55.585+0000] {processor.py:914} INFO - Processing file /opt/airflow/dags/travel_pipeline_dag.py for tasks to queue
[2026-06-27T19:00:55.593+0000] {logging_mixin.py:190} INFO - [2026-06-27T19:00:55.591+0000] {dagbag.py:588} INFO - Filling up the DagBag from /opt/airflow/dags/travel_pipeline_dag.py
[2026-06-27T19:00:55.693+0000] {processor.py:925} INFO - DAG(s) 'travel_pipeline' retrieved from /opt/airflow/dags/travel_pipeline_dag.py
[2026-06-27T19:00:55.822+0000] {logging_mixin.py:190} INFO - [2026-06-27T19:00:55.821+0000] {dag.py:3239} INFO - Sync 1 DAGs
[2026-06-27T19:00:55.947+0000] {logging_mixin.py:190} INFO - [2026-06-27T19:00:55.946+0000] {dag.py:4180} INFO - Setting next_dagrun for travel_pipeline to 2026-06-27 00:00:00+00:00, run_after=2026-06-28 00:00:00+00:00
[2026-06-27T19:00:56.010+0000] {processor.py:208} INFO - Processing /opt/airflow/dags/travel_pipeline_dag.py took 0.445 seconds
[2026-06-27T19:01:26.278+0000] {processor.py:186} INFO - Started process (PID=515) to work on /opt/airflow/dags/travel_pipeline_dag.py
[2026-06-27T19:01:26.280+0000] {processor.py:914} INFO - Processing file /opt/airflow/dags/travel_pipeline_dag.py for tasks to queue
[2026-06-27T19:01:26.294+0000] {logging_mixin.py:190} INFO - [2026-06-27T19:01:26.293+0000] {dagbag.py:588} INFO - Filling up the DagBag from /opt/airflow/dags/travel_pipeline_dag.py
[2026-06-27T19:01:26.351+0000] {processor.py:925} INFO - DAG(s) 'travel_pipeline' retrieved from /opt/airflow/dags/travel_pipeline_dag.py
[2026-06-27T19:01:26.474+0000] {logging_mixin.py:190} INFO - [2026-06-27T19:01:26.473+0000] {dag.py:3239} INFO - Sync 1 DAGs
[2026-06-27T19:01:26.573+0000] {logging_mixin.py:190} INFO - [2026-06-27T19:01:26.573+0000] {dag.py:4180} INFO - Setting next_dagrun for travel_pipeline to 2026-06-27 00:00:00+00:00, run_after=2026-06-28 00:00:00+00:00
[2026-06-27T19:01:26.650+0000] {processor.py:208} INFO - Processing /opt/airflow/dags/travel_pipeline_dag.py took 0.394 seconds
[2026-06-27T19:01:57.079+0000] {processor.py:186} INFO - Started process (PID=520) to work on /opt/airflow/dags/travel_pipeline_dag.py
[2026-06-27T19:01:57.081+0000] {processor.py:914} INFO - Processing file /opt/airflow/dags/travel_pipeline_dag.py for tasks to queue
[2026-06-27T19:01:57.086+0000] {logging_mixin.py:190} INFO - [2026-06-27T19:01:57.085+0000] {dagbag.py:588} INFO - Filling up the DagBag from /opt/airflow/dags/travel_pipeline_dag.py
[2026-06-27T19:01:57.130+0000] {processor.py:925} INFO - DAG(s) 'travel_pipeline' retrieved from /opt/airflow/dags/travel_pipeline_dag.py
[2026-06-27T19:01:57.187+0000] {logging_mixin.py:190} INFO - [2026-06-27T19:01:57.187+0000] {dag.py:3239} INFO - Sync 1 DAGs
[2026-06-27T19:01:57.236+0000] {logging_mixin.py:190} INFO - [2026-06-27T19:01:57.235+0000] {dag.py:4180} INFO - Setting next_dagrun for travel_pipeline to 2026-06-27 00:00:00+00:00, run_after=2026-06-28 00:00:00+00:00
[2026-06-27T19:01:57.271+0000] {processor.py:208} INFO - Processing /opt/airflow/dags/travel_pipeline_dag.py took 0.210 seconds
[2026-06-27T19:02:27.723+0000] {processor.py:186} INFO - Started process (PID=525) to work on /opt/airflow/dags/travel_pipeline_dag.py
[2026-06-27T19:02:27.725+0000] {processor.py:914} INFO - Processing file /opt/airflow/dags/travel_pipeline_dag.py for tasks to queue
[2026-06-27T19:02:27.729+0000] {logging_mixin.py:190} INFO - [2026-06-27T19:02:27.728+0000] {dagbag.py:588} INFO - Filling up the DagBag from /opt/airflow/dags/travel_pipeline_dag.py
[2026-06-27T19:02:27.770+0000] {processor.py:925} INFO - DAG(s) 'travel_pipeline' retrieved from /opt/airflow/dags/travel_pipeline_dag.py
[2026-06-27T19:02:27.831+0000] {logging_mixin.py:190} INFO - [2026-06-27T19:02:27.830+0000] {dag.py:3239} INFO - Sync 1 DAGs
[2026-06-27T19:02:27.880+0000] {logging_mixin.py:190} INFO - [2026-06-27T19:02:27.880+0000] {dag.py:4180} INFO - Setting next_dagrun for travel_pipeline to 2026-06-27 00:00:00+00:00, run_after=2026-06-28 00:00:00+00:00
[2026-06-27T19:02:27.915+0000] {processor.py:208} INFO - Processing /opt/airflow/dags/travel_pipeline_dag.py took 0.203 seconds
[2026-06-27T19:02:58.317+0000] {processor.py:186} INFO - Started process (PID=530) to work on /opt/airflow/dags/travel_pipeline_dag.py
[2026-06-27T19:02:58.319+0000] {processor.py:914} INFO - Processing file /opt/airflow/dags/travel_pipeline_dag.py for tasks to queue
[2026-06-27T19:02:58.324+0000] {logging_mixin.py:190} INFO - [2026-06-27T19:02:58.323+0000] {dagbag.py:588} INFO - Filling up the DagBag from /opt/airflow/dags/travel_pipeline_dag.py
[2026-06-27T19:02:58.363+0000] {processor.py:925} INFO - DAG(s) 'travel_pipeline' retrieved from /opt/airflow/dags/travel_pipeline_dag.py
[2026-06-27T19:02:58.421+0000] {logging_mixin.py:190} INFO - [2026-06-27T19:02:58.420+0000] {dag.py:3239} INFO - Sync 1 DAGs
[2026-06-27T19:02:58.471+0000] {logging_mixin.py:190} INFO - [2026-06-27T19:02:58.470+0000] {dag.py:4180} INFO - Setting next_dagrun for travel_pipeline to 2026-06-27 00:00:00+00:00, run_after=2026-06-28 00:00:00+00:00
[2026-06-27T19:02:58.508+0000] {processor.py:208} INFO - Processing /opt/airflow/dags/travel_pipeline_dag.py took 0.207 seconds
[2026-06-27T19:03:28.862+0000] {processor.py:186} INFO - Started process (PID=535) to work on /opt/airflow/dags/travel_pipeline_dag.py
[2026-06-27T19:03:28.863+0000] {processor.py:914} INFO - Processing file /opt/airflow/dags/travel_pipeline_dag.py for tasks to queue
[2026-06-27T19:03:28.868+0000] {logging_mixin.py:190} INFO - [2026-06-27T19:03:28.868+0000] {dagbag.py:588} INFO - Filling up the DagBag from /opt/airflow/dags/travel_pipeline_dag.py
[2026-06-27T19:03:28.917+0000] {processor.py:925} INFO - DAG(s) 'travel_pipeline' retrieved from /opt/airflow/dags/travel_pipeline_dag.py
[2026-06-27T19:03:28.975+0000] {logging_mixin.py:190} INFO - [2026-06-27T19:03:28.975+0000] {dag.py:3239} INFO - Sync 1 DAGs
[2026-06-27T19:03:29.024+0000] {logging_mixin.py:190} INFO - [2026-06-27T19:03:29.024+0000] {dag.py:4180} INFO - Setting next_dagrun for travel_pipeline to 2026-06-27 00:00:00+00:00, run_after=2026-06-28 00:00:00+00:00
[2026-06-27T19:03:29.063+0000] {processor.py:208} INFO - Processing /opt/airflow/dags/travel_pipeline_dag.py took 0.212 seconds
[2026-06-27T19:03:59.497+0000] {processor.py:186} INFO - Started process (PID=540) to work on /opt/airflow/dags/travel_pipeline_dag.py
[2026-06-27T19:03:59.499+0000] {processor.py:914} INFO - Processing file /opt/airflow/dags/travel_pipeline_dag.py for tasks to queue
[2026-06-27T19:03:59.509+0000] {logging_mixin.py:190} INFO - [2026-06-27T19:03:59.509+0000] {dagbag.py:588} INFO - Filling up the DagBag from /opt/airflow/dags/travel_pipeline_dag.py
[2026-06-27T19:03:59.563+0000] {processor.py:925} INFO - DAG(s) 'travel_pipeline' retrieved from /opt/airflow/dags/travel_pipeline_dag.py
[2026-06-27T19:03:59.654+0000] {logging_mixin.py:190} INFO - [2026-06-27T19:03:59.654+0000] {dag.py:3239} INFO - Sync 1 DAGs
[2026-06-27T19:03:59.738+0000] {logging_mixin.py:190} INFO - [2026-06-27T19:03:59.738+0000] {dag.py:4180} INFO - Setting next_dagrun for travel_pipeline to 2026-06-27 00:00:00+00:00, run_after=2026-06-28 00:00:00+00:00
[2026-06-27T19:03:59.789+0000] {processor.py:208} INFO - Processing /opt/airflow/dags/travel_pipeline_dag.py took 0.306 seconds
[2026-06-27T19:04:30.215+0000] {processor.py:186} INFO - Started process (PID=545) to work on /opt/airflow/dags/travel_pipeline_dag.py
[2026-06-27T19:04:30.218+0000] {processor.py:914} INFO - Processing file /opt/airflow/dags/travel_pipeline_dag.py for tasks to queue
[2026-06-27T19:04:30.226+0000] {logging_mixin.py:190} INFO - [2026-06-27T19:04:30.225+0000] {dagbag.py:588} INFO - Filling up the DagBag from /opt/airflow/dags/travel_pipeline_dag.py
[2026-06-27T19:04:30.316+0000] {processor.py:925} INFO - DAG(s) 'travel_pipeline' retrieved from /opt/airflow/dags/travel_pipeline_dag.py
[2026-06-27T19:04:30.463+0000] {logging_mixin.py:190} INFO - [2026-06-27T19:04:30.462+0000] {dag.py:3239} INFO - Sync 1 DAGs
[2026-06-27T19:04:30.559+0000] {logging_mixin.py:190} INFO - [2026-06-27T19:04:30.558+0000] {dag.py:4180} INFO - Setting next_dagrun for travel_pipeline to 2026-06-27 00:00:00+00:00, run_after=2026-06-28 00:00:00+00:00
[2026-06-27T19:04:30.609+0000] {processor.py:208} INFO - Processing /opt/airflow/dags/travel_pipeline_dag.py took 0.431 seconds
[2026-06-27T19:05:01.242+0000] {processor.py:186} INFO - Started process (PID=550) to work on /opt/airflow/dags/travel_pipeline_dag.py
[2026-06-27T19:05:01.244+0000] {processor.py:914} INFO - Processing file /opt/airflow/dags/travel_pipeline_dag.py for tasks to queue
[2026-06-27T19:05:01.250+0000] {logging_mixin.py:190} INFO - [2026-06-27T19:05:01.248+0000] {dagbag.py:588} INFO - Filling up the DagBag from /opt/airflow/dags/travel_pipeline_dag.py
[2026-06-27T19:05:01.305+0000] {processor.py:925} INFO - DAG(s) 'travel_pipeline' retrieved from /opt/airflow/dags/travel_pipeline_dag.py
[2026-06-27T19:05:01.380+0000] {logging_mixin.py:190} INFO - [2026-06-27T19:05:01.379+0000] {dag.py:3239} INFO - Sync 1 DAGs
[2026-06-27T19:05:01.440+0000] {logging_mixin.py:190} INFO - [2026-06-27T19:05:01.439+0000] {dag.py:4180} INFO - Setting next_dagrun for travel_pipeline to 2026-06-27 00:00:00+00:00, run_after=2026-06-28 00:00:00+00:00
[2026-06-27T19:05:01.475+0000] {processor.py:208} INFO - Processing /opt/airflow/dags/travel_pipeline_dag.py took 0.246 seconds
[2026-06-27T19:05:31.781+0000] {processor.py:186} INFO - Started process (PID=555) to work on /opt/airflow/dags/travel_pipeline_dag.py
[2026-06-27T19:05:31.783+0000] {processor.py:914} INFO - Processing file /opt/airflow/dags/travel_pipeline_dag.py for tasks to queue
[2026-06-27T19:05:31.788+0000] {logging_mixin.py:190} INFO - [2026-06-27T19:05:31.787+0000] {dagbag.py:588} INFO - Filling up the DagBag from /opt/airflow/dags/travel_pipeline_dag.py
[2026-06-27T19:05:31.834+0000] {processor.py:925} INFO - DAG(s) 'travel_pipeline' retrieved from /opt/airflow/dags/travel_pipeline_dag.py
[2026-06-27T19:05:31.927+0000] {logging_mixin.py:190} INFO - [2026-06-27T19:05:31.927+0000] {dag.py:3239} INFO - Sync 1 DAGs
[2026-06-27T19:05:31.979+0000] {logging_mixin.py:190} INFO - [2026-06-27T19:05:31.978+0000] {dag.py:4180} INFO - Setting next_dagrun for travel_pipeline to 2026-06-27 00:00:00+00:00, run_after=2026-06-28 00:00:00+00:00
[2026-06-27T19:05:32.017+0000] {processor.py:208} INFO - Processing /opt/airflow/dags/travel_pipeline_dag.py took 0.252 seconds
[2026-06-27T19:06:02.484+0000] {processor.py:186} INFO - Started process (PID=560) to work on /opt/airflow/dags/travel_pipeline_dag.py
[2026-06-27T19:06:02.486+0000] {processor.py:914} INFO - Processing file /opt/airflow/dags/travel_pipeline_dag.py for tasks to queue
[2026-06-27T19:06:02.490+0000] {logging_mixin.py:190} INFO - [2026-06-27T19:06:02.489+0000] {dagbag.py:588} INFO - Filling up the DagBag from /opt/airflow/dags/travel_pipeline_dag.py
[2026-06-27T19:06:02.523+0000] {processor.py:925} INFO - DAG(s) 'travel_pipeline' retrieved from /opt/airflow/dags/travel_pipeline_dag.py
[2026-06-27T19:06:02.579+0000] {logging_mixin.py:190} INFO - [2026-06-27T19:06:02.579+0000] {dag.py:3239} INFO - Sync 1 DAGs
[2026-06-27T19:06:02.628+0000] {logging_mixin.py:190} INFO - [2026-06-27T19:06:02.628+0000] {dag.py:4180} INFO - Setting next_dagrun for travel_pipeline to 2026-06-27 00:00:00+00:00, run_after=2026-06-28 00:00:00+00:00
[2026-06-27T19:06:02.666+0000] {processor.py:208} INFO - Processing /opt/airflow/dags/travel_pipeline_dag.py took 0.193 seconds
[2026-06-27T19:06:33.005+0000] {processor.py:186} INFO - Started process (PID=565) to work on /opt/airflow/dags/travel_pipeline_dag.py
[2026-06-27T19:06:33.007+0000] {processor.py:914} INFO - Processing file /opt/airflow/dags/travel_pipeline_dag.py for tasks to queue
[2026-06-27T19:06:33.011+0000] {logging_mixin.py:190} INFO - [2026-06-27T19:06:33.011+0000] {dagbag.py:588} INFO - Filling up the DagBag from /opt/airflow/dags/travel_pipeline_dag.py
[2026-06-27T19:06:33.046+0000] {processor.py:925} INFO - DAG(s) 'travel_pipeline' retrieved from /opt/airflow/dags/travel_pipeline_dag.py
[2026-06-27T19:06:33.102+0000] {logging_mixin.py:190} INFO - [2026-06-27T19:06:33.102+0000] {dag.py:3239} INFO - Sync 1 DAGs
[2026-06-27T19:06:33.151+0000] {logging_mixin.py:190} INFO - [2026-06-27T19:06:33.151+0000] {dag.py:4180} INFO - Setting next_dagrun for travel_pipeline to 2026-06-27 00:00:00+00:00, run_after=2026-06-28 00:00:00+00:00
[2026-06-27T19:06:33.187+0000] {processor.py:208} INFO - Processing /opt/airflow/dags/travel_pipeline_dag.py took 0.192 seconds
[2026-06-27T19:07:03.744+0000] {processor.py:186} INFO - Started process (PID=570) to work on /opt/airflow/dags/travel_pipeline_dag.py
[2026-06-27T19:07:03.746+0000] {processor.py:914} INFO - Processing file /opt/airflow/dags/travel_pipeline_dag.py for tasks to queue
[2026-06-27T19:07:03.749+0000] {logging_mixin.py:190} INFO - [2026-06-27T19:07:03.749+0000] {dagbag.py:588} INFO - Filling up the DagBag from /opt/airflow/dags/travel_pipeline_dag.py
[2026-06-27T19:07:03.792+0000] {processor.py:925} INFO - DAG(s) 'travel_pipeline' retrieved from /opt/airflow/dags/travel_pipeline_dag.py
[2026-06-27T19:07:03.863+0000] {logging_mixin.py:190} INFO - [2026-06-27T19:07:03.862+0000] {dag.py:3239} INFO - Sync 1 DAGs
[2026-06-27T19:07:03.929+0000] {logging_mixin.py:190} INFO - [2026-06-27T19:07:03.928+0000] {dag.py:4180} INFO - Setting next_dagrun for travel_pipeline to 2026-06-27 00:00:00+00:00, run_after=2026-06-28 00:00:00+00:00
[2026-06-27T19:07:03.978+0000] {processor.py:208} INFO - Processing /opt/airflow/dags/travel_pipeline_dag.py took 0.246 seconds
[2026-06-27T19:07:34.154+0000] {processor.py:186} INFO - Started process (PID=575) to work on /opt/airflow/dags/travel_pipeline_dag.py
[2026-06-27T19:07:34.156+0000] {processor.py:914} INFO - Processing file /opt/airflow/dags/travel_pipeline_dag.py for tasks to queue
[2026-06-27T19:07:34.163+0000] {logging_mixin.py:190} INFO - [2026-06-27T19:07:34.162+0000] {dagbag.py:588} INFO - Filling up the DagBag from /opt/airflow/dags/travel_pipeline_dag.py
[2026-06-27T19:07:34.201+0000] {processor.py:925} INFO - DAG(s) 'travel_pipeline' retrieved from /opt/airflow/dags/travel_pipeline_dag.py
[2026-06-27T19:07:34.256+0000] {logging_mixin.py:190} INFO - [2026-06-27T19:07:34.256+0000] {dag.py:3239} INFO - Sync 1 DAGs
[2026-06-27T19:07:34.304+0000] {logging_mixin.py:190} INFO - [2026-06-27T19:07:34.303+0000] {dag.py:4180} INFO - Setting next_dagrun for travel_pipeline to 2026-06-27 00:00:00+00:00, run_after=2026-06-28 00:00:00+00:00
[2026-06-27T19:07:34.339+0000] {processor.py:208} INFO - Processing /opt/airflow/dags/travel_pipeline_dag.py took 0.196 seconds
[2026-06-27T19:08:04.662+0000] {processor.py:186} INFO - Started process (PID=580) to work on /opt/airflow/dags/travel_pipeline_dag.py
[2026-06-27T19:08:04.664+0000] {processor.py:914} INFO - Processing file /opt/airflow/dags/travel_pipeline_dag.py for tasks to queue
[2026-06-27T19:08:04.668+0000] {logging_mixin.py:190} INFO - [2026-06-27T19:08:04.667+0000] {dagbag.py:588} INFO - Filling up the DagBag from /opt/airflow/dags/travel_pipeline_dag.py
[2026-06-27T19:08:04.704+0000] {processor.py:925} INFO - DAG(s) 'travel_pipeline' retrieved from /opt/airflow/dags/travel_pipeline_dag.py
[2026-06-27T19:08:04.759+0000] {logging_mixin.py:190} INFO - [2026-06-27T19:08:04.759+0000] {dag.py:3239} INFO - Sync 1 DAGs
[2026-06-27T19:08:04.808+0000] {logging_mixin.py:190} INFO - [2026-06-27T19:08:04.807+0000] {dag.py:4180} INFO - Setting next_dagrun for travel_pipeline to 2026-06-27 00:00:00+00:00, run_after=2026-06-28 00:00:00+00:00
[2026-06-27T19:08:04.850+0000] {processor.py:208} INFO - Processing /opt/airflow/dags/travel_pipeline_dag.py took 0.197 seconds
[2026-06-27T19:08:35.334+0000] {processor.py:186} INFO - Started process (PID=585) to work on /opt/airflow/dags/travel_pipeline_dag.py
[2026-06-27T19:08:35.336+0000] {processor.py:914} INFO - Processing file /opt/airflow/dags/travel_pipeline_dag.py for tasks to queue
[2026-06-27T19:08:35.341+0000] {logging_mixin.py:190} INFO - [2026-06-27T19:08:35.340+0000] {dagbag.py:588} INFO - Filling up the DagBag from /opt/airflow/dags/travel_pipeline_dag.py
[2026-06-27T19:08:35.384+0000] {processor.py:925} INFO - DAG(s) 'travel_pipeline' retrieved from /opt/airflow/dags/travel_pipeline_dag.py
[2026-06-27T19:08:35.439+0000] {logging_mixin.py:190} INFO - [2026-06-27T19:08:35.439+0000] {dag.py:3239} INFO - Sync 1 DAGs
[2026-06-27T19:08:35.490+0000] {logging_mixin.py:190} INFO - [2026-06-27T19:08:35.489+0000] {dag.py:4180} INFO - Setting next_dagrun for travel_pipeline to 2026-06-27 00:00:00+00:00, run_after=2026-06-28 00:00:00+00:00
[2026-06-27T19:08:35.528+0000] {processor.py:208} INFO - Processing /opt/airflow/dags/travel_pipeline_dag.py took 0.208 seconds
[2026-06-27T19:09:05.726+0000] {processor.py:186} INFO - Started process (PID=590) to work on /opt/airflow/dags/travel_pipeline_dag.py
[2026-06-27T19:09:05.728+0000] {processor.py:914} INFO - Processing file /opt/airflow/dags/travel_pipeline_dag.py for tasks to queue
[2026-06-27T19:09:05.731+0000] {logging_mixin.py:190} INFO - [2026-06-27T19:09:05.731+0000] {dagbag.py:588} INFO - Filling up the DagBag from /opt/airflow/dags/travel_pipeline_dag.py
[2026-06-27T19:09:05.768+0000] {processor.py:925} INFO - DAG(s) 'travel_pipeline' retrieved from /opt/airflow/dags/travel_pipeline_dag.py
[2026-06-27T19:09:05.824+0000] {logging_mixin.py:190} INFO - [2026-06-27T19:09:05.823+0000] {dag.py:3239} INFO - Sync 1 DAGs
[2026-06-27T19:09:05.872+0000] {logging_mixin.py:190} INFO - [2026-06-27T19:09:05.872+0000] {dag.py:4180} INFO - Setting next_dagrun for travel_pipeline to 2026-06-27 00:00:00+00:00, run_after=2026-06-28 00:00:00+00:00
[2026-06-27T19:09:05.916+0000] {processor.py:208} INFO - Processing /opt/airflow/dags/travel_pipeline_dag.py took 0.201 seconds
[2026-06-27T19:09:36.567+0000] {processor.py:186} INFO - Started process (PID=595) to work on /opt/airflow/dags/travel_pipeline_dag.py
[2026-06-27T19:09:36.569+0000] {processor.py:914} INFO - Processing file /opt/airflow/dags/travel_pipeline_dag.py for tasks to queue
[2026-06-27T19:09:36.573+0000] {logging_mixin.py:190} INFO - [2026-06-27T19:09:36.572+0000] {dagbag.py:588} INFO - Filling up the DagBag from /opt/airflow/dags/travel_pipeline_dag.py
[2026-06-27T19:09:36.607+0000] {processor.py:925} INFO - DAG(s) 'travel_pipeline' retrieved from /opt/airflow/dags/travel_pipeline_dag.py
[2026-06-27T19:09:36.663+0000] {logging_mixin.py:190} INFO - [2026-06-27T19:09:36.662+0000] {dag.py:3239} INFO - Sync 1 DAGs
[2026-06-27T19:09:36.710+0000] {logging_mixin.py:190} INFO - [2026-06-27T19:09:36.710+0000] {dag.py:4180} INFO - Setting next_dagrun for travel_pipeline to 2026-06-27 00:00:00+00:00, run_after=2026-06-28 00:00:00+00:00
[2026-06-27T19:09:36.747+0000] {processor.py:208} INFO - Processing /opt/airflow/dags/travel_pipeline_dag.py took 0.192 seconds
[2026-06-27T19:10:07.178+0000] {processor.py:186} INFO - Started process (PID=600) to work on /opt/airflow/dags/travel_pipeline_dag.py
[2026-06-27T19:10:07.180+0000] {processor.py:914} INFO - Processing file /opt/airflow/dags/travel_pipeline_dag.py for tasks to queue
[2026-06-27T19:10:07.185+0000] {logging_mixin.py:190} INFO - [2026-06-27T19:10:07.184+0000] {dagbag.py:588} INFO - Filling up the DagBag from /opt/airflow/dags/travel_pipeline_dag.py
[2026-06-27T19:10:07.228+0000] {processor.py:925} INFO - DAG(s) 'travel_pipeline' retrieved from /opt/airflow/dags/travel_pipeline_dag.py
[2026-06-27T19:10:07.294+0000] {logging_mixin.py:190} INFO - [2026-06-27T19:10:07.293+0000] {dag.py:3239} INFO - Sync 1 DAGs
[2026-06-27T19:10:07.352+0000] {logging_mixin.py:190} INFO - [2026-06-27T19:10:07.351+0000] {dag.py:4180} INFO - Setting next_dagrun for travel_pipeline to 2026-06-27 00:00:00+00:00, run_after=2026-06-28 00:00:00+00:00
[2026-06-27T19:10:07.394+0000] {processor.py:208} INFO - Processing /opt/airflow/dags/travel_pipeline_dag.py took 0.229 seconds
[2026-06-27T19:10:37.700+0000] {processor.py:186} INFO - Started process (PID=605) to work on /opt/airflow/dags/travel_pipeline_dag.py
[2026-06-27T19:10:37.703+0000] {processor.py:914} INFO - Processing file /opt/airflow/dags/travel_pipeline_dag.py for tasks to queue
[2026-06-27T19:10:37.709+0000] {logging_mixin.py:190} INFO - [2026-06-27T19:10:37.708+0000] {dagbag.py:588} INFO - Filling up the DagBag from /opt/airflow/dags/travel_pipeline_dag.py
[2026-06-27T19:10:37.753+0000] {processor.py:925} INFO - DAG(s) 'travel_pipeline' retrieved from /opt/airflow/dags/travel_pipeline_dag.py
[2026-06-27T19:10:37.828+0000] {logging_mixin.py:190} INFO - [2026-06-27T19:10:37.828+0000] {dag.py:3239} INFO - Sync 1 DAGs
[2026-06-27T19:10:37.876+0000] {logging_mixin.py:190} INFO - [2026-06-27T19:10:37.875+0000] {dag.py:4180} INFO - Setting next_dagrun for travel_pipeline to 2026-06-27 00:00:00+00:00, run_after=2026-06-28 00:00:00+00:00
[2026-06-27T19:10:37.911+0000] {processor.py:208} INFO - Processing /opt/airflow/dags/travel_pipeline_dag.py took 0.227 seconds
[2026-06-27T19:11:08.385+0000] {processor.py:186} INFO - Started process (PID=610) to work on /opt/airflow/dags/travel_pipeline_dag.py
[2026-06-27T19:11:08.387+0000] {processor.py:914} INFO - Processing file /opt/airflow/dags/travel_pipeline_dag.py for tasks to queue
[2026-06-27T19:11:08.392+0000] {logging_mixin.py:190} INFO - [2026-06-27T19:11:08.391+0000] {dagbag.py:588} INFO - Filling up the DagBag from /opt/airflow/dags/travel_pipeline_dag.py
[2026-06-27T19:11:08.435+0000] {processor.py:925} INFO - DAG(s) 'travel_pipeline' retrieved from /opt/airflow/dags/travel_pipeline_dag.py
[2026-06-27T19:11:08.521+0000] {logging_mixin.py:190} INFO - [2026-06-27T19:11:08.520+0000] {dag.py:3239} INFO - Sync 1 DAGs
[2026-06-27T19:11:08.614+0000] {logging_mixin.py:190} INFO - [2026-06-27T19:11:08.613+0000] {dag.py:4180} INFO - Setting next_dagrun for travel_pipeline to 2026-06-27 00:00:00+00:00, run_after=2026-06-28 00:00:00+00:00
[2026-06-27T19:11:08.648+0000] {processor.py:208} INFO - Processing /opt/airflow/dags/travel_pipeline_dag.py took 0.278 seconds
[2026-06-27T19:11:38.903+0000] {processor.py:186} INFO - Started process (PID=623) to work on /opt/airflow/dags/travel_pipeline_dag.py
[2026-06-27T19:11:38.906+0000] {processor.py:914} INFO - Processing file /opt/airflow/dags/travel_pipeline_dag.py for tasks to queue
[2026-06-27T19:11:38.911+0000] {logging_mixin.py:190} INFO - [2026-06-27T19:11:38.910+0000] {dagbag.py:588} INFO - Filling up the DagBag from /opt/airflow/dags/travel_pipeline_dag.py
[2026-06-27T19:11:38.962+0000] {processor.py:925} INFO - DAG(s) 'travel_pipeline' retrieved from /opt/airflow/dags/travel_pipeline_dag.py
[2026-06-27T19:11:39.038+0000] {logging_mixin.py:190} INFO - [2026-06-27T19:11:39.038+0000] {dag.py:3239} INFO - Sync 1 DAGs
[2026-06-27T19:11:39.108+0000] {logging_mixin.py:190} INFO - [2026-06-27T19:11:39.108+0000] {dag.py:4180} INFO - Setting next_dagrun for travel_pipeline to 2026-06-27 00:00:00+00:00, run_after=2026-06-28 00:00:00+00:00
[2026-06-27T19:11:39.156+0000] {processor.py:208} INFO - Processing /opt/airflow/dags/travel_pipeline_dag.py took 0.267 seconds
[2026-06-27T19:12:09.477+0000] {processor.py:186} INFO - Started process (PID=628) to work on /opt/airflow/dags/travel_pipeline_dag.py
[2026-06-27T19:12:09.479+0000] {processor.py:914} INFO - Processing file /opt/airflow/dags/travel_pipeline_dag.py for tasks to queue
[2026-06-27T19:12:09.486+0000] {logging_mixin.py:190} INFO - [2026-06-27T19:12:09.485+0000] {dagbag.py:588} INFO - Filling up the DagBag from /opt/airflow/dags/travel_pipeline_dag.py
[2026-06-27T19:12:09.533+0000] {processor.py:925} INFO - DAG(s) 'travel_pipeline' retrieved from /opt/airflow/dags/travel_pipeline_dag.py
[2026-06-27T19:12:09.608+0000] {logging_mixin.py:190} INFO - [2026-06-27T19:12:09.608+0000] {dag.py:3239} INFO - Sync 1 DAGs
[2026-06-27T19:12:09.688+0000] {logging_mixin.py:190} INFO - [2026-06-27T19:12:09.687+0000] {dag.py:4180} INFO - Setting next_dagrun for travel_pipeline to 2026-06-27 00:00:00+00:00, run_after=2026-06-28 00:00:00+00:00
[2026-06-27T19:12:09.746+0000] {processor.py:208} INFO - Processing /opt/airflow/dags/travel_pipeline_dag.py took 0.287 seconds
[2026-06-27T19:12:39.966+0000] {processor.py:186} INFO - Started process (PID=634) to work on /opt/airflow/dags/travel_pipeline_dag.py
[2026-06-27T19:12:39.968+0000] {processor.py:914} INFO - Processing file /opt/airflow/dags/travel_pipeline_dag.py for tasks to queue
[2026-06-27T19:12:39.973+0000] {logging_mixin.py:190} INFO - [2026-06-27T19:12:39.972+0000] {dagbag.py:588} INFO - Filling up the DagBag from /opt/airflow/dags/travel_pipeline_dag.py
[2026-06-27T19:12:40.016+0000] {processor.py:925} INFO - DAG(s) 'travel_pipeline' retrieved from /opt/airflow/dags/travel_pipeline_dag.py
[2026-06-27T19:12:40.090+0000] {logging_mixin.py:190} INFO - [2026-06-27T19:12:40.089+0000] {dag.py:3239} INFO - Sync 1 DAGs
[2026-06-27T19:12:40.159+0000] {logging_mixin.py:190} INFO - [2026-06-27T19:12:40.158+0000] {dag.py:4180} INFO - Setting next_dagrun for travel_pipeline to 2026-06-27 00:00:00+00:00, run_after=2026-06-28 00:00:00+00:00
[2026-06-27T19:12:40.205+0000] {processor.py:208} INFO - Processing /opt/airflow/dags/travel_pipeline_dag.py took 0.260 seconds
[2026-06-27T19:13:10.374+0000] {processor.py:186} INFO - Started process (PID=639) to work on /opt/airflow/dags/travel_pipeline_dag.py
[2026-06-27T19:13:10.376+0000] {processor.py:914} INFO - Processing file /opt/airflow/dags/travel_pipeline_dag.py for tasks to queue
[2026-06-27T19:13:10.383+0000] {logging_mixin.py:190} INFO - [2026-06-27T19:13:10.382+0000] {dagbag.py:588} INFO - Filling up the DagBag from /opt/airflow/dags/travel_pipeline_dag.py
[2026-06-27T19:13:10.424+0000] {processor.py:925} INFO - DAG(s) 'travel_pipeline' retrieved from /opt/airflow/dags/travel_pipeline_dag.py
[2026-06-27T19:13:10.486+0000] {logging_mixin.py:190} INFO - [2026-06-27T19:13:10.485+0000] {dag.py:3239} INFO - Sync 1 DAGs
[2026-06-27T19:13:10.543+0000] {logging_mixin.py:190} INFO - [2026-06-27T19:13:10.543+0000] {dag.py:4180} INFO - Setting next_dagrun for travel_pipeline to 2026-06-27 00:00:00+00:00, run_after=2026-06-28 00:00:00+00:00
[2026-06-27T19:13:10.582+0000] {processor.py:208} INFO - Processing /opt/airflow/dags/travel_pipeline_dag.py took 0.222 seconds
[2026-06-27T19:13:40.856+0000] {processor.py:186} INFO - Started process (PID=644) to work on /opt/airflow/dags/travel_pipeline_dag.py
[2026-06-27T19:13:40.858+0000] {processor.py:914} INFO - Processing file /opt/airflow/dags/travel_pipeline_dag.py for tasks to queue
[2026-06-27T19:13:40.863+0000] {logging_mixin.py:190} INFO - [2026-06-27T19:13:40.863+0000] {dagbag.py:588} INFO - Filling up the DagBag from /opt/airflow/dags/travel_pipeline_dag.py
[2026-06-27T19:13:40.902+0000] {processor.py:925} INFO - DAG(s) 'travel_pipeline' retrieved from /opt/airflow/dags/travel_pipeline_dag.py
[2026-06-27T19:13:40.963+0000] {logging_mixin.py:190} INFO - [2026-06-27T19:13:40.963+0000] {dag.py:3239} INFO - Sync 1 DAGs
[2026-06-27T19:13:41.011+0000] {logging_mixin.py:190} INFO - [2026-06-27T19:13:41.011+0000] {dag.py:4180} INFO - Setting next_dagrun for travel_pipeline to 2026-06-27 00:00:00+00:00, run_after=2026-06-28 00:00:00+00:00
[2026-06-27T19:13:41.046+0000] {processor.py:208} INFO - Processing /opt/airflow/dags/travel_pipeline_dag.py took 0.204 seconds
[2026-06-27T19:14:11.667+0000] {processor.py:186} INFO - Started process (PID=649) to work on /opt/airflow/dags/travel_pipeline_dag.py
[2026-06-27T19:14:11.669+0000] {processor.py:914} INFO - Processing file /opt/airflow/dags/travel_pipeline_dag.py for tasks to queue
[2026-06-27T19:14:11.676+0000] {logging_mixin.py:190} INFO - [2026-06-27T19:14:11.674+0000] {dagbag.py:588} INFO - Filling up the DagBag from /opt/airflow/dags/travel_pipeline_dag.py
[2026-06-27T19:14:11.729+0000] {processor.py:925} INFO - DAG(s) 'travel_pipeline' retrieved from /opt/airflow/dags/travel_pipeline_dag.py
[2026-06-27T19:14:11.896+0000] {logging_mixin.py:190} INFO - [2026-06-27T19:14:11.895+0000] {dag.py:3239} INFO - Sync 1 DAGs
[2026-06-27T19:14:12.030+0000] {logging_mixin.py:190} INFO - [2026-06-27T19:14:12.029+0000] {dag.py:4180} INFO - Setting next_dagrun for travel_pipeline to 2026-06-27 00:00:00+00:00, run_after=2026-06-28 00:00:00+00:00
[2026-06-27T19:14:12.117+0000] {processor.py:208} INFO - Processing /opt/airflow/dags/travel_pipeline_dag.py took 0.470 seconds
[2026-06-27T19:14:42.786+0000] {processor.py:186} INFO - Started process (PID=654) to work on /opt/airflow/dags/travel_pipeline_dag.py
[2026-06-27T19:14:42.789+0000] {processor.py:914} INFO - Processing file /opt/airflow/dags/travel_pipeline_dag.py for tasks to queue
[2026-06-27T19:14:42.794+0000] {logging_mixin.py:190} INFO - [2026-06-27T19:14:42.793+0000] {dagbag.py:588} INFO - Filling up the DagBag from /opt/airflow/dags/travel_pipeline_dag.py
[2026-06-27T19:14:42.840+0000] {processor.py:925} INFO - DAG(s) 'travel_pipeline' retrieved from /opt/airflow/dags/travel_pipeline_dag.py
[2026-06-27T19:14:42.919+0000] {logging_mixin.py:190} INFO - [2026-06-27T19:14:42.918+0000] {dag.py:3239} INFO - Sync 1 DAGs
[2026-06-27T19:14:42.966+0000] {logging_mixin.py:190} INFO - [2026-06-27T19:14:42.966+0000] {dag.py:4180} INFO - Setting next_dagrun for travel_pipeline to 2026-06-27 00:00:00+00:00, run_after=2026-06-28 00:00:00+00:00
[2026-06-27T19:14:43.001+0000] {processor.py:208} INFO - Processing /opt/airflow/dags/travel_pipeline_dag.py took 0.235 seconds
[2026-06-27T19:15:13.629+0000] {processor.py:186} INFO - Started process (PID=659) to work on /opt/airflow/dags/travel_pipeline_dag.py
[2026-06-27T19:15:13.631+0000] {processor.py:914} INFO - Processing file /opt/airflow/dags/travel_pipeline_dag.py for tasks to queue
[2026-06-27T19:15:13.635+0000] {logging_mixin.py:190} INFO - [2026-06-27T19:15:13.634+0000] {dagbag.py:588} INFO - Filling up the DagBag from /opt/airflow/dags/travel_pipeline_dag.py
[2026-06-27T19:15:13.671+0000] {processor.py:925} INFO - DAG(s) 'travel_pipeline' retrieved from /opt/airflow/dags/travel_pipeline_dag.py
[2026-06-27T19:15:13.730+0000] {logging_mixin.py:190} INFO - [2026-06-27T19:15:13.730+0000] {dag.py:3239} INFO - Sync 1 DAGs
[2026-06-27T19:15:13.781+0000] {logging_mixin.py:190} INFO - [2026-06-27T19:15:13.781+0000] {dag.py:4180} INFO - Setting next_dagrun for travel_pipeline to 2026-06-27 00:00:00+00:00, run_after=2026-06-28 00:00:00+00:00
[2026-06-27T19:15:13.818+0000] {processor.py:208} INFO - Processing /opt/airflow/dags/travel_pipeline_dag.py took 0.200 seconds
[2026-06-27T19:15:44.228+0000] {processor.py:186} INFO - Started process (PID=664) to work on /opt/airflow/dags/travel_pipeline_dag.py
[2026-06-27T19:15:44.230+0000] {processor.py:914} INFO - Processing file /opt/airflow/dags/travel_pipeline_dag.py for tasks to queue
[2026-06-27T19:15:44.234+0000] {logging_mixin.py:190} INFO - [2026-06-27T19:15:44.234+0000] {dagbag.py:588} INFO - Filling up the DagBag from /opt/airflow/dags/travel_pipeline_dag.py
[2026-06-27T19:15:44.282+0000] {processor.py:925} INFO - DAG(s) 'travel_pipeline' retrieved from /opt/airflow/dags/travel_pipeline_dag.py
[2026-06-27T19:15:44.340+0000] {logging_mixin.py:190} INFO - [2026-06-27T19:15:44.340+0000] {dag.py:3239} INFO - Sync 1 DAGs
[2026-06-27T19:15:44.414+0000] {logging_mixin.py:190} INFO - [2026-06-27T19:15:44.414+0000] {dag.py:4180} INFO - Setting next_dagrun for travel_pipeline to 2026-06-27 00:00:00+00:00, run_after=2026-06-28 00:00:00+00:00
[2026-06-27T19:15:44.473+0000] {processor.py:208} INFO - Processing /opt/airflow/dags/travel_pipeline_dag.py took 0.259 seconds
[2026-06-27T19:16:14.766+0000] {processor.py:186} INFO - Started process (PID=669) to work on /opt/airflow/dags/travel_pipeline_dag.py
[2026-06-27T19:16:14.768+0000] {processor.py:914} INFO - Processing file /opt/airflow/dags/travel_pipeline_dag.py for tasks to queue
[2026-06-27T19:16:14.772+0000] {logging_mixin.py:190} INFO - [2026-06-27T19:16:14.771+0000] {dagbag.py:588} INFO - Filling up the DagBag from /opt/airflow/dags/travel_pipeline_dag.py
[2026-06-27T19:16:15.024+0000] {processor.py:925} INFO - DAG(s) 'travel_pipeline' retrieved from /opt/airflow/dags/travel_pipeline_dag.py
[2026-06-27T19:16:15.147+0000] {logging_mixin.py:190} INFO - [2026-06-27T19:16:15.146+0000] {dag.py:3239} INFO - Sync 1 DAGs
[2026-06-27T19:16:15.235+0000] {logging_mixin.py:190} INFO - [2026-06-27T19:16:15.235+0000] {dag.py:4180} INFO - Setting next_dagrun for travel_pipeline to 2026-06-27 00:00:00+00:00, run_after=2026-06-28 00:00:00+00:00
[2026-06-27T19:16:15.275+0000] {processor.py:208} INFO - Processing /opt/airflow/dags/travel_pipeline_dag.py took 0.523 seconds
[2026-06-27T19:16:45.668+0000] {processor.py:186} INFO - Started process (PID=674) to work on /opt/airflow/dags/travel_pipeline_dag.py
[2026-06-27T19:16:45.670+0000] {processor.py:914} INFO - Processing file /opt/airflow/dags/travel_pipeline_dag.py for tasks to queue
[2026-06-27T19:16:45.675+0000] {logging_mixin.py:190} INFO - [2026-06-27T19:16:45.674+0000] {dagbag.py:588} INFO - Filling up the DagBag from /opt/airflow/dags/travel_pipeline_dag.py
[2026-06-27T19:16:45.720+0000] {processor.py:925} INFO - DAG(s) 'travel_pipeline' retrieved from /opt/airflow/dags/travel_pipeline_dag.py
[2026-06-27T19:16:45.787+0000] {logging_mixin.py:190} INFO - [2026-06-27T19:16:45.787+0000] {dag.py:3239} INFO - Sync 1 DAGs
[2026-06-27T19:16:45.851+0000] {logging_mixin.py:190} INFO - [2026-06-27T19:16:45.850+0000] {dag.py:4180} INFO - Setting next_dagrun for travel_pipeline to 2026-06-27 00:00:00+00:00, run_after=2026-06-28 00:00:00+00:00
[2026-06-27T19:16:45.885+0000] {processor.py:208} INFO - Processing /opt/airflow/dags/travel_pipeline_dag.py took 0.228 seconds
[2026-06-27T19:17:16.333+0000] {processor.py:186} INFO - Started process (PID=679) to work on /opt/airflow/dags/travel_pipeline_dag.py
[2026-06-27T19:17:16.334+0000] {processor.py:914} INFO - Processing file /opt/airflow/dags/travel_pipeline_dag.py for tasks to queue
[2026-06-27T19:17:16.338+0000] {logging_mixin.py:190} INFO - [2026-06-27T19:17:16.337+0000] {dagbag.py:588} INFO - Filling up the DagBag from /opt/airflow/dags/travel_pipeline_dag.py
[2026-06-27T19:17:16.379+0000] {processor.py:925} INFO - DAG(s) 'travel_pipeline' retrieved from /opt/airflow/dags/travel_pipeline_dag.py
[2026-06-27T19:17:16.433+0000] {logging_mixin.py:190} INFO - [2026-06-27T19:17:16.432+0000] {dag.py:3239} INFO - Sync 1 DAGs
[2026-06-27T19:17:16.483+0000] {logging_mixin.py:190} INFO - [2026-06-27T19:17:16.482+0000] {dag.py:4180} INFO - Setting next_dagrun for travel_pipeline to 2026-06-27 00:00:00+00:00, run_after=2026-06-28 00:00:00+00:00
[2026-06-27T19:17:16.519+0000] {processor.py:208} INFO - Processing /opt/airflow/dags/travel_pipeline_dag.py took 0.197 seconds
[2026-06-27T19:17:46.867+0000] {processor.py:186} INFO - Started process (PID=684) to work on /opt/airflow/dags/travel_pipeline_dag.py
[2026-06-27T19:17:46.869+0000] {processor.py:914} INFO - Processing file /opt/airflow/dags/travel_pipeline_dag.py for tasks to queue
[2026-06-27T19:17:46.873+0000] {logging_mixin.py:190} INFO - [2026-06-27T19:17:46.872+0000] {dagbag.py:588} INFO - Filling up the DagBag from /opt/airflow/dags/travel_pipeline_dag.py
[2026-06-27T19:17:46.914+0000] {processor.py:925} INFO - DAG(s) 'travel_pipeline' retrieved from /opt/airflow/dags/travel_pipeline_dag.py
[2026-06-27T19:17:46.987+0000] {logging_mixin.py:190} INFO - [2026-06-27T19:17:46.987+0000] {dag.py:3239} INFO - Sync 1 DAGs
[2026-06-27T19:17:47.052+0000] {logging_mixin.py:190} INFO - [2026-06-27T19:17:47.051+0000] {dag.py:4180} INFO - Setting next_dagrun for travel_pipeline to 2026-06-27 00:00:00+00:00, run_after=2026-06-28 00:00:00+00:00
[2026-06-27T19:17:47.093+0000] {processor.py:208} INFO - Processing /opt/airflow/dags/travel_pipeline_dag.py took 0.239 seconds
[2026-06-27T19:18:17.541+0000] {processor.py:186} INFO - Started process (PID=689) to work on /opt/airflow/dags/travel_pipeline_dag.py
[2026-06-27T19:18:17.543+0000] {processor.py:914} INFO - Processing file /opt/airflow/dags/travel_pipeline_dag.py for tasks to queue
[2026-06-27T19:18:17.547+0000] {logging_mixin.py:190} INFO - [2026-06-27T19:18:17.546+0000] {dagbag.py:588} INFO - Filling up the DagBag from /opt/airflow/dags/travel_pipeline_dag.py
[2026-06-27T19:18:17.588+0000] {processor.py:925} INFO - DAG(s) 'travel_pipeline' retrieved from /opt/airflow/dags/travel_pipeline_dag.py
[2026-06-27T19:18:17.647+0000] {logging_mixin.py:190} INFO - [2026-06-27T19:18:17.647+0000] {dag.py:3239} INFO - Sync 1 DAGs
[2026-06-27T19:18:17.700+0000] {logging_mixin.py:190} INFO - [2026-06-27T19:18:17.700+0000] {dag.py:4180} INFO - Setting next_dagrun for travel_pipeline to 2026-06-27 00:00:00+00:00, run_after=2026-06-28 00:00:00+00:00
[2026-06-27T19:18:17.751+0000] {processor.py:208} INFO - Processing /opt/airflow/dags/travel_pipeline_dag.py took 0.220 seconds
[2026-06-27T19:18:48.101+0000] {processor.py:186} INFO - Started process (PID=694) to work on /opt/airflow/dags/travel_pipeline_dag.py
[2026-06-27T19:18:48.103+0000] {processor.py:914} INFO - Processing file /opt/airflow/dags/travel_pipeline_dag.py for tasks to queue
[2026-06-27T19:18:48.107+0000] {logging_mixin.py:190} INFO - [2026-06-27T19:18:48.107+0000] {dagbag.py:588} INFO - Filling up the DagBag from /opt/airflow/dags/travel_pipeline_dag.py
[2026-06-27T19:18:48.143+0000] {processor.py:925} INFO - DAG(s) 'travel_pipeline' retrieved from /opt/airflow/dags/travel_pipeline_dag.py
[2026-06-27T19:18:48.210+0000] {logging_mixin.py:190} INFO - [2026-06-27T19:18:48.209+0000] {dag.py:3239} INFO - Sync 1 DAGs
[2026-06-27T19:18:48.268+0000] {logging_mixin.py:190} INFO - [2026-06-27T19:18:48.267+0000] {dag.py:4180} INFO - Setting next_dagrun for travel_pipeline to 2026-06-27 00:00:00+00:00, run_after=2026-06-28 00:00:00+00:00
[2026-06-27T19:18:48.317+0000] {processor.py:208} INFO - Processing /opt/airflow/dags/travel_pipeline_dag.py took 0.226 seconds
[2026-06-27T19:19:18.804+0000] {processor.py:186} INFO - Started process (PID=707) to work on /opt/airflow/dags/travel_pipeline_dag.py
[2026-06-27T19:19:18.806+0000] {processor.py:914} INFO - Processing file /opt/airflow/dags/travel_pipeline_dag.py for tasks to queue
[2026-06-27T19:19:18.813+0000] {logging_mixin.py:190} INFO - [2026-06-27T19:19:18.812+0000] {dagbag.py:588} INFO - Filling up the DagBag from /opt/airflow/dags/travel_pipeline_dag.py
[2026-06-27T19:19:18.862+0000] {processor.py:925} INFO - DAG(s) 'travel_pipeline' retrieved from /opt/airflow/dags/travel_pipeline_dag.py
[2026-06-27T19:19:18.923+0000] {logging_mixin.py:190} INFO - [2026-06-27T19:19:18.923+0000] {dag.py:3239} INFO - Sync 1 DAGs
[2026-06-27T19:19:18.992+0000] {logging_mixin.py:190} INFO - [2026-06-27T19:19:18.991+0000] {dag.py:4180} INFO - Setting next_dagrun for travel_pipeline to 2026-06-27 00:00:00+00:00, run_after=2026-06-28 00:00:00+00:00
[2026-06-27T19:19:19.035+0000] {processor.py:208} INFO - Processing /opt/airflow/dags/travel_pipeline_dag.py took 0.241 seconds
[2026-06-27T19:19:49.588+0000] {processor.py:186} INFO - Started process (PID=712) to work on /opt/airflow/dags/travel_pipeline_dag.py
[2026-06-27T19:19:49.595+0000] {processor.py:914} INFO - Processing file /opt/airflow/dags/travel_pipeline_dag.py for tasks to queue
[2026-06-27T19:19:49.601+0000] {logging_mixin.py:190} INFO - [2026-06-27T19:19:49.601+0000] {dagbag.py:588} INFO - Filling up the DagBag from /opt/airflow/dags/travel_pipeline_dag.py
[2026-06-27T19:19:49.648+0000] {processor.py:925} INFO - DAG(s) 'travel_pipeline' retrieved from /opt/airflow/dags/travel_pipeline_dag.py
[2026-06-27T19:19:49.732+0000] {logging_mixin.py:190} INFO - [2026-06-27T19:19:49.732+0000] {dag.py:3239} INFO - Sync 1 DAGs
[2026-06-27T19:19:49.805+0000] {logging_mixin.py:190} INFO - [2026-06-27T19:19:49.804+0000] {dag.py:4180} INFO - Setting next_dagrun for travel_pipeline to 2026-06-27 00:00:00+00:00, run_after=2026-06-28 00:00:00+00:00
[2026-06-27T19:19:49.853+0000] {processor.py:208} INFO - Processing /opt/airflow/dags/travel_pipeline_dag.py took 0.300 seconds
[2026-06-27T19:20:19.947+0000] {processor.py:186} INFO - Started process (PID=717) to work on /opt/airflow/dags/travel_pipeline_dag.py
[2026-06-27T19:20:19.949+0000] {processor.py:914} INFO - Processing file /opt/airflow/dags/travel_pipeline_dag.py for tasks to queue
[2026-06-27T19:20:19.953+0000] {logging_mixin.py:190} INFO - [2026-06-27T19:20:19.952+0000] {dagbag.py:588} INFO - Filling up the DagBag from /opt/airflow/dags/travel_pipeline_dag.py
[2026-06-27T19:20:19.990+0000] {processor.py:925} INFO - DAG(s) 'travel_pipeline' retrieved from /opt/airflow/dags/travel_pipeline_dag.py
[2026-06-27T19:20:20.058+0000] {logging_mixin.py:190} INFO - [2026-06-27T19:20:20.057+0000] {dag.py:3239} INFO - Sync 1 DAGs
[2026-06-27T19:20:20.114+0000] {logging_mixin.py:190} INFO - [2026-06-27T19:20:20.113+0000] {dag.py:4180} INFO - Setting next_dagrun for travel_pipeline to 2026-06-27 00:00:00+00:00, run_after=2026-06-28 00:00:00+00:00
[2026-06-27T19:20:20.156+0000] {processor.py:208} INFO - Processing /opt/airflow/dags/travel_pipeline_dag.py took 0.222 seconds
[2026-06-27T19:20:50.601+0000] {processor.py:186} INFO - Started process (PID=727) to work on /opt/airflow/dags/travel_pipeline_dag.py
[2026-06-27T19:20:50.605+0000] {processor.py:914} INFO - Processing file /opt/airflow/dags/travel_pipeline_dag.py for tasks to queue
[2026-06-27T19:20:50.610+0000] {logging_mixin.py:190} INFO - [2026-06-27T19:20:50.609+0000] {dagbag.py:588} INFO - Filling up the DagBag from /opt/airflow/dags/travel_pipeline_dag.py
[2026-06-27T19:20:50.663+0000] {processor.py:925} INFO - DAG(s) 'travel_pipeline' retrieved from /opt/airflow/dags/travel_pipeline_dag.py
[2026-06-27T19:20:50.723+0000] {logging_mixin.py:190} INFO - [2026-06-27T19:20:50.722+0000] {dag.py:3239} INFO - Sync 1 DAGs
[2026-06-27T19:20:50.774+0000] {logging_mixin.py:190} INFO - [2026-06-27T19:20:50.774+0000] {dag.py:4180} INFO - Setting next_dagrun for travel_pipeline to 2026-06-27 00:00:00+00:00, run_after=2026-06-28 00:00:00+00:00
[2026-06-27T19:20:50.820+0000] {processor.py:208} INFO - Processing /opt/airflow/dags/travel_pipeline_dag.py took 0.231 seconds
[2026-06-27T19:21:20.962+0000] {processor.py:186} INFO - Started process (PID=732) to work on /opt/airflow/dags/travel_pipeline_dag.py
[2026-06-27T19:21:20.964+0000] {processor.py:914} INFO - Processing file /opt/airflow/dags/travel_pipeline_dag.py for tasks to queue
[2026-06-27T19:21:20.968+0000] {logging_mixin.py:190} INFO - [2026-06-27T19:21:20.967+0000] {dagbag.py:588} INFO - Filling up the DagBag from /opt/airflow/dags/travel_pipeline_dag.py
[2026-06-27T19:21:21.011+0000] {processor.py:925} INFO - DAG(s) 'travel_pipeline' retrieved from /opt/airflow/dags/travel_pipeline_dag.py
[2026-06-27T19:21:21.071+0000] {logging_mixin.py:190} INFO - [2026-06-27T19:21:21.070+0000] {dag.py:3239} INFO - Sync 1 DAGs
[2026-06-27T19:21:21.129+0000] {logging_mixin.py:190} INFO - [2026-06-27T19:21:21.129+0000] {dag.py:4180} INFO - Setting next_dagrun for travel_pipeline to 2026-06-27 00:00:00+00:00, run_after=2026-06-28 00:00:00+00:00
[2026-06-27T19:21:21.173+0000] {processor.py:208} INFO - Processing /opt/airflow/dags/travel_pipeline_dag.py took 0.222 seconds
[2026-06-27T19:21:51.509+0000] {processor.py:186} INFO - Started process (PID=737) to work on /opt/airflow/dags/travel_pipeline_dag.py
[2026-06-27T19:21:51.511+0000] {processor.py:914} INFO - Processing file /opt/airflow/dags/travel_pipeline_dag.py for tasks to queue
[2026-06-27T19:21:51.516+0000] {logging_mixin.py:190} INFO - [2026-06-27T19:21:51.515+0000] {dagbag.py:588} INFO - Filling up the DagBag from /opt/airflow/dags/travel_pipeline_dag.py
[2026-06-27T19:21:51.559+0000] {processor.py:925} INFO - DAG(s) 'travel_pipeline' retrieved from /opt/airflow/dags/travel_pipeline_dag.py
[2026-06-27T19:21:51.613+0000] {logging_mixin.py:190} INFO - [2026-06-27T19:21:51.613+0000] {dag.py:3239} INFO - Sync 1 DAGs
[2026-06-27T19:21:51.664+0000] {logging_mixin.py:190} INFO - [2026-06-27T19:21:51.663+0000] {dag.py:4180} INFO - Setting next_dagrun for travel_pipeline to 2026-06-27 00:00:00+00:00, run_after=2026-06-28 00:00:00+00:00
[2026-06-27T19:21:51.699+0000] {processor.py:208} INFO - Processing /opt/airflow/dags/travel_pipeline_dag.py took 0.205 seconds
[2026-06-27T19:22:22.236+0000] {processor.py:186} INFO - Started process (PID=742) to work on /opt/airflow/dags/travel_pipeline_dag.py
[2026-06-27T19:22:22.239+0000] {processor.py:914} INFO - Processing file /opt/airflow/dags/travel_pipeline_dag.py for tasks to queue
[2026-06-27T19:22:22.245+0000] {logging_mixin.py:190} INFO - [2026-06-27T19:22:22.245+0000] {dagbag.py:588} INFO - Filling up the DagBag from /opt/airflow/dags/travel_pipeline_dag.py
[2026-06-27T19:22:22.300+0000] {processor.py:925} INFO - DAG(s) 'travel_pipeline' retrieved from /opt/airflow/dags/travel_pipeline_dag.py
[2026-06-27T19:22:22.386+0000] {logging_mixin.py:190} INFO - [2026-06-27T19:22:22.386+0000] {dag.py:3239} INFO - Sync 1 DAGs
[2026-06-27T19:22:22.444+0000] {logging_mixin.py:190} INFO - [2026-06-27T19:22:22.443+0000] {dag.py:4180} INFO - Setting next_dagrun for travel_pipeline to 2026-06-27 00:00:00+00:00, run_after=2026-06-28 00:00:00+00:00
[2026-06-27T19:22:22.494+0000] {processor.py:208} INFO - Processing /opt/airflow/dags/travel_pipeline_dag.py took 0.277 seconds
[2026-06-27T19:22:52.893+0000] {processor.py:186} INFO - Started process (PID=747) to work on /opt/airflow/dags/travel_pipeline_dag.py
[2026-06-27T19:22:52.895+0000] {processor.py:914} INFO - Processing file /opt/airflow/dags/travel_pipeline_dag.py for tasks to queue
[2026-06-27T19:22:52.899+0000] {logging_mixin.py:190} INFO - [2026-06-27T19:22:52.899+0000] {dagbag.py:588} INFO - Filling up the DagBag from /opt/airflow/dags/travel_pipeline_dag.py
[2026-06-27T19:22:52.935+0000] {processor.py:925} INFO - DAG(s) 'travel_pipeline' retrieved from /opt/airflow/dags/travel_pipeline_dag.py
[2026-06-27T19:22:52.990+0000] {logging_mixin.py:190} INFO - [2026-06-27T19:22:52.989+0000] {dag.py:3239} INFO - Sync 1 DAGs
[2026-06-27T19:22:53.043+0000] {logging_mixin.py:190} INFO - [2026-06-27T19:22:53.042+0000] {dag.py:4180} INFO - Setting next_dagrun for travel_pipeline to 2026-06-27 00:00:00+00:00, run_after=2026-06-28 00:00:00+00:00
[2026-06-27T19:22:53.079+0000] {processor.py:208} INFO - Processing /opt/airflow/dags/travel_pipeline_dag.py took 0.199 seconds
[2026-06-27T19:23:23.468+0000] {processor.py:186} INFO - Started process (PID=752) to work on /opt/airflow/dags/travel_pipeline_dag.py
[2026-06-27T19:23:23.469+0000] {processor.py:914} INFO - Processing file /opt/airflow/dags/travel_pipeline_dag.py for tasks to queue
[2026-06-27T19:23:23.474+0000] {logging_mixin.py:190} INFO - [2026-06-27T19:23:23.473+0000] {dagbag.py:588} INFO - Filling up the DagBag from /opt/airflow/dags/travel_pipeline_dag.py
[2026-06-27T19:23:23.515+0000] {processor.py:925} INFO - DAG(s) 'travel_pipeline' retrieved from /opt/airflow/dags/travel_pipeline_dag.py
[2026-06-27T19:23:23.596+0000] {logging_mixin.py:190} INFO - [2026-06-27T19:23:23.595+0000] {dag.py:3239} INFO - Sync 1 DAGs
[2026-06-27T19:23:23.664+0000] {logging_mixin.py:190} INFO - [2026-06-27T19:23:23.663+0000] {dag.py:4180} INFO - Setting next_dagrun for travel_pipeline to 2026-06-27 00:00:00+00:00, run_after=2026-06-28 00:00:00+00:00
[2026-06-27T19:23:23.709+0000] {processor.py:208} INFO - Processing /opt/airflow/dags/travel_pipeline_dag.py took 0.253 seconds
[2026-06-27T19:23:54.072+0000] {processor.py:186} INFO - Started process (PID=757) to work on /opt/airflow/dags/travel_pipeline_dag.py
[2026-06-27T19:23:54.074+0000] {processor.py:914} INFO - Processing file /opt/airflow/dags/travel_pipeline_dag.py for tasks to queue
[2026-06-27T19:23:54.078+0000] {logging_mixin.py:190} INFO - [2026-06-27T19:23:54.078+0000] {dagbag.py:588} INFO - Filling up the DagBag from /opt/airflow/dags/travel_pipeline_dag.py
[2026-06-27T19:23:54.117+0000] {processor.py:925} INFO - DAG(s) 'travel_pipeline' retrieved from /opt/airflow/dags/travel_pipeline_dag.py
[2026-06-27T19:23:54.173+0000] {logging_mixin.py:190} INFO - [2026-06-27T19:23:54.173+0000] {dag.py:3239} INFO - Sync 1 DAGs
[2026-06-27T19:23:54.234+0000] {logging_mixin.py:190} INFO - [2026-06-27T19:23:54.233+0000] {dag.py:4180} INFO - Setting next_dagrun for travel_pipeline to 2026-06-27 00:00:00+00:00, run_after=2026-06-28 00:00:00+00:00
[2026-06-27T19:23:54.285+0000] {processor.py:208} INFO - Processing /opt/airflow/dags/travel_pipeline_dag.py took 0.224 seconds
[2026-06-27T19:24:24.722+0000] {processor.py:186} INFO - Started process (PID=762) to work on /opt/airflow/dags/travel_pipeline_dag.py
[2026-06-27T19:24:24.724+0000] {processor.py:914} INFO - Processing file /opt/airflow/dags/travel_pipeline_dag.py for tasks to queue
[2026-06-27T19:24:24.729+0000] {logging_mixin.py:190} INFO - [2026-06-27T19:24:24.728+0000] {dagbag.py:588} INFO - Filling up the DagBag from /opt/airflow/dags/travel_pipeline_dag.py
[2026-06-27T19:24:24.765+0000] {processor.py:925} INFO - DAG(s) 'travel_pipeline' retrieved from /opt/airflow/dags/travel_pipeline_dag.py
[2026-06-27T19:24:24.838+0000] {logging_mixin.py:190} INFO - [2026-06-27T19:24:24.838+0000] {dag.py:3239} INFO - Sync 1 DAGs
[2026-06-27T19:24:24.909+0000] {logging_mixin.py:190} INFO - [2026-06-27T19:24:24.909+0000] {dag.py:4180} INFO - Setting next_dagrun for travel_pipeline to 2026-06-27 00:00:00+00:00, run_after=2026-06-28 00:00:00+00:00
[2026-06-27T19:24:24.954+0000] {processor.py:208} INFO - Processing /opt/airflow/dags/travel_pipeline_dag.py took 0.245 seconds
[2026-06-27T19:30:14.313+0000] {processor.py:186} INFO - Started process (PID=180) to work on /opt/airflow/dags/travel_pipeline_dag.py
[2026-06-27T19:30:14.314+0000] {processor.py:914} INFO - Processing file /opt/airflow/dags/travel_pipeline_dag.py for tasks to queue
[2026-06-27T19:30:14.320+0000] {logging_mixin.py:190} INFO - [2026-06-27T19:30:14.319+0000] {dagbag.py:588} INFO - Filling up the DagBag from /opt/airflow/dags/travel_pipeline_dag.py
[2026-06-27T19:30:14.391+0000] {processor.py:925} INFO - DAG(s) 'travel_pipeline' retrieved from /opt/airflow/dags/travel_pipeline_dag.py
[2026-06-27T19:30:14.538+0000] {logging_mixin.py:190} INFO - [2026-06-27T19:30:14.537+0000] {dag.py:3239} INFO - Sync 1 DAGs
[2026-06-27T19:30:14.631+0000] {logging_mixin.py:190} INFO - [2026-06-27T19:30:14.630+0000] {dag.py:4180} INFO - Setting next_dagrun for travel_pipeline to 2026-06-27 00:00:00+00:00, run_after=2026-06-28 00:00:00+00:00
[2026-06-27T19:30:14.683+0000] {processor.py:208} INFO - Processing /opt/airflow/dags/travel_pipeline_dag.py took 0.401 seconds
[2026-06-27T19:30:44.997+0000] {processor.py:186} INFO - Started process (PID=185) to work on /opt/airflow/dags/travel_pipeline_dag.py
[2026-06-27T19:30:44.999+0000] {processor.py:914} INFO - Processing file /opt/airflow/dags/travel_pipeline_dag.py for tasks to queue
[2026-06-27T19:30:45.004+0000] {logging_mixin.py:190} INFO - [2026-06-27T19:30:45.003+0000] {dagbag.py:588} INFO - Filling up the DagBag from /opt/airflow/dags/travel_pipeline_dag.py
[2026-06-27T19:30:45.056+0000] {processor.py:925} INFO - DAG(s) 'travel_pipeline' retrieved from /opt/airflow/dags/travel_pipeline_dag.py
[2026-06-27T19:30:45.156+0000] {logging_mixin.py:190} INFO - [2026-06-27T19:30:45.155+0000] {dag.py:3239} INFO - Sync 1 DAGs
[2026-06-27T19:30:45.252+0000] {logging_mixin.py:190} INFO - [2026-06-27T19:30:45.251+0000] {dag.py:4180} INFO - Setting next_dagrun for travel_pipeline to 2026-06-27 00:00:00+00:00, run_after=2026-06-28 00:00:00+00:00
[2026-06-27T19:30:45.319+0000] {processor.py:208} INFO - Processing /opt/airflow/dags/travel_pipeline_dag.py took 0.340 seconds
[2026-06-27T19:31:15.711+0000] {processor.py:186} INFO - Started process (PID=190) to work on /opt/airflow/dags/travel_pipeline_dag.py
[2026-06-27T19:31:15.713+0000] {processor.py:914} INFO - Processing file /opt/airflow/dags/travel_pipeline_dag.py for tasks to queue
[2026-06-27T19:31:15.720+0000] {logging_mixin.py:190} INFO - [2026-06-27T19:31:15.719+0000] {dagbag.py:588} INFO - Filling up the DagBag from /opt/airflow/dags/travel_pipeline_dag.py
[2026-06-27T19:31:15.768+0000] {processor.py:925} INFO - DAG(s) 'travel_pipeline' retrieved from /opt/airflow/dags/travel_pipeline_dag.py
[2026-06-27T19:31:15.850+0000] {logging_mixin.py:190} INFO - [2026-06-27T19:31:15.850+0000] {dag.py:3239} INFO - Sync 1 DAGs
[2026-06-27T19:31:15.918+0000] {logging_mixin.py:190} INFO - [2026-06-27T19:31:15.918+0000] {dag.py:4180} INFO - Setting next_dagrun for travel_pipeline to 2026-06-27 00:00:00+00:00, run_after=2026-06-28 00:00:00+00:00
[2026-06-27T19:31:15.965+0000] {processor.py:208} INFO - Processing /opt/airflow/dags/travel_pipeline_dag.py took 0.270 seconds
[2026-06-27T19:31:46.245+0000] {processor.py:186} INFO - Started process (PID=205) to work on /opt/airflow/dags/travel_pipeline_dag.py
[2026-06-27T19:31:46.246+0000] {processor.py:914} INFO - Processing file /opt/airflow/dags/travel_pipeline_dag.py for tasks to queue
[2026-06-27T19:31:46.252+0000] {logging_mixin.py:190} INFO - [2026-06-27T19:31:46.250+0000] {dagbag.py:588} INFO - Filling up the DagBag from /opt/airflow/dags/travel_pipeline_dag.py
[2026-06-27T19:31:46.289+0000] {processor.py:925} INFO - DAG(s) 'travel_pipeline' retrieved from /opt/airflow/dags/travel_pipeline_dag.py
[2026-06-27T19:31:46.353+0000] {logging_mixin.py:190} INFO - [2026-06-27T19:31:46.352+0000] {dag.py:3239} INFO - Sync 1 DAGs
[2026-06-27T19:31:46.404+0000] {logging_mixin.py:190} INFO - [2026-06-27T19:31:46.404+0000] {dag.py:4180} INFO - Setting next_dagrun for travel_pipeline to 2026-06-27 00:00:00+00:00, run_after=2026-06-28 00:00:00+00:00
[2026-06-27T19:31:46.442+0000] {processor.py:208} INFO - Processing /opt/airflow/dags/travel_pipeline_dag.py took 0.210 seconds
[2026-06-27T19:32:16.833+0000] {processor.py:186} INFO - Started process (PID=210) to work on /opt/airflow/dags/travel_pipeline_dag.py
[2026-06-27T19:32:16.834+0000] {processor.py:914} INFO - Processing file /opt/airflow/dags/travel_pipeline_dag.py for tasks to queue
[2026-06-27T19:32:16.838+0000] {logging_mixin.py:190} INFO - [2026-06-27T19:32:16.838+0000] {dagbag.py:588} INFO - Filling up the DagBag from /opt/airflow/dags/travel_pipeline_dag.py
[2026-06-27T19:32:16.882+0000] {processor.py:925} INFO - DAG(s) 'travel_pipeline' retrieved from /opt/airflow/dags/travel_pipeline_dag.py
[2026-06-27T19:32:16.940+0000] {logging_mixin.py:190} INFO - [2026-06-27T19:32:16.940+0000] {dag.py:3239} INFO - Sync 1 DAGs
[2026-06-27T19:32:16.996+0000] {logging_mixin.py:190} INFO - [2026-06-27T19:32:16.995+0000] {dag.py:4180} INFO - Setting next_dagrun for travel_pipeline to 2026-06-27 00:00:00+00:00, run_after=2026-06-28 00:00:00+00:00
[2026-06-27T19:32:17.035+0000] {processor.py:208} INFO - Processing /opt/airflow/dags/travel_pipeline_dag.py took 0.213 seconds
[2026-06-27T19:32:47.465+0000] {processor.py:186} INFO - Started process (PID=215) to work on /opt/airflow/dags/travel_pipeline_dag.py
[2026-06-27T19:32:47.466+0000] {processor.py:914} INFO - Processing file /opt/airflow/dags/travel_pipeline_dag.py for tasks to queue
[2026-06-27T19:32:47.470+0000] {logging_mixin.py:190} INFO - [2026-06-27T19:32:47.469+0000] {dagbag.py:588} INFO - Filling up the DagBag from /opt/airflow/dags/travel_pipeline_dag.py
[2026-06-27T19:32:47.510+0000] {processor.py:925} INFO - DAG(s) 'travel_pipeline' retrieved from /opt/airflow/dags/travel_pipeline_dag.py
[2026-06-27T19:32:47.568+0000] {logging_mixin.py:190} INFO - [2026-06-27T19:32:47.568+0000] {dag.py:3239} INFO - Sync 1 DAGs
[2026-06-27T19:32:47.625+0000] {logging_mixin.py:190} INFO - [2026-06-27T19:32:47.624+0000] {dag.py:4180} INFO - Setting next_dagrun for travel_pipeline to 2026-06-27 00:00:00+00:00, run_after=2026-06-28 00:00:00+00:00
[2026-06-27T19:32:47.662+0000] {processor.py:208} INFO - Processing /opt/airflow/dags/travel_pipeline_dag.py took 0.208 seconds
[2026-06-27T19:33:18.144+0000] {processor.py:186} INFO - Started process (PID=221) to work on /opt/airflow/dags/travel_pipeline_dag.py
[2026-06-27T19:33:18.145+0000] {processor.py:914} INFO - Processing file /opt/airflow/dags/travel_pipeline_dag.py for tasks to queue
[2026-06-27T19:33:18.149+0000] {logging_mixin.py:190} INFO - [2026-06-27T19:33:18.149+0000] {dagbag.py:588} INFO - Filling up the DagBag from /opt/airflow/dags/travel_pipeline_dag.py
[2026-06-27T19:33:18.195+0000] {processor.py:925} INFO - DAG(s) 'travel_pipeline' retrieved from /opt/airflow/dags/travel_pipeline_dag.py
[2026-06-27T19:33:18.270+0000] {logging_mixin.py:190} INFO - [2026-06-27T19:33:18.269+0000] {dag.py:3239} INFO - Sync 1 DAGs
[2026-06-27T19:33:18.353+0000] {logging_mixin.py:190} INFO - [2026-06-27T19:33:18.352+0000] {dag.py:4180} INFO - Setting next_dagrun for travel_pipeline to 2026-06-27 00:00:00+00:00, run_after=2026-06-28 00:00:00+00:00
[2026-06-27T19:33:18.421+0000] {processor.py:208} INFO - Processing /opt/airflow/dags/travel_pipeline_dag.py took 0.289 seconds
[2026-06-27T19:33:49.083+0000] {processor.py:186} INFO - Started process (PID=232) to work on /opt/airflow/dags/travel_pipeline_dag.py
[2026-06-27T19:33:49.084+0000] {processor.py:914} INFO - Processing file /opt/airflow/dags/travel_pipeline_dag.py for tasks to queue
[2026-06-27T19:33:49.088+0000] {logging_mixin.py:190} INFO - [2026-06-27T19:33:49.087+0000] {dagbag.py:588} INFO - Filling up the DagBag from /opt/airflow/dags/travel_pipeline_dag.py
[2026-06-27T19:33:49.130+0000] {processor.py:925} INFO - DAG(s) 'travel_pipeline' retrieved from /opt/airflow/dags/travel_pipeline_dag.py
[2026-06-27T19:33:49.205+0000] {logging_mixin.py:190} INFO - [2026-06-27T19:33:49.205+0000] {dag.py:3239} INFO - Sync 1 DAGs
[2026-06-27T19:33:49.276+0000] {logging_mixin.py:190} INFO - [2026-06-27T19:33:49.276+0000] {dag.py:4180} INFO - Setting next_dagrun for travel_pipeline to 2026-06-27 00:00:00+00:00, run_after=2026-06-28 00:00:00+00:00
[2026-06-27T19:33:49.321+0000] {processor.py:208} INFO - Processing /opt/airflow/dags/travel_pipeline_dag.py took 0.249 seconds
[2026-06-27T19:34:19.600+0000] {processor.py:186} INFO - Started process (PID=237) to work on /opt/airflow/dags/travel_pipeline_dag.py
[2026-06-27T19:34:19.601+0000] {processor.py:914} INFO - Processing file /opt/airflow/dags/travel_pipeline_dag.py for tasks to queue
[2026-06-27T19:34:19.606+0000] {logging_mixin.py:190} INFO - [2026-06-27T19:34:19.605+0000] {dagbag.py:588} INFO - Filling up the DagBag from /opt/airflow/dags/travel_pipeline_dag.py
[2026-06-27T19:34:19.642+0000] {processor.py:925} INFO - DAG(s) 'travel_pipeline' retrieved from /opt/airflow/dags/travel_pipeline_dag.py
[2026-06-27T19:34:19.711+0000] {logging_mixin.py:190} INFO - [2026-06-27T19:34:19.710+0000] {dag.py:3239} INFO - Sync 1 DAGs
[2026-06-27T19:34:19.837+0000] {logging_mixin.py:190} INFO - [2026-06-27T19:34:19.835+0000] {dag.py:4180} INFO - Setting next_dagrun for travel_pipeline to 2026-06-27 00:00:00+00:00, run_after=2026-06-28 00:00:00+00:00
[2026-06-27T19:34:20.053+0000] {processor.py:208} INFO - Processing /opt/airflow/dags/travel_pipeline_dag.py took 0.464 seconds
[2026-06-27T19:34:50.388+0000] {processor.py:186} INFO - Started process (PID=242) to work on /opt/airflow/dags/travel_pipeline_dag.py
[2026-06-27T19:34:50.389+0000] {processor.py:914} INFO - Processing file /opt/airflow/dags/travel_pipeline_dag.py for tasks to queue
[2026-06-27T19:34:50.393+0000] {logging_mixin.py:190} INFO - [2026-06-27T19:34:50.393+0000] {dagbag.py:588} INFO - Filling up the DagBag from /opt/airflow/dags/travel_pipeline_dag.py
[2026-06-27T19:34:50.435+0000] {processor.py:925} INFO - DAG(s) 'travel_pipeline' retrieved from /opt/airflow/dags/travel_pipeline_dag.py
[2026-06-27T19:34:50.493+0000] {logging_mixin.py:190} INFO - [2026-06-27T19:34:50.493+0000] {dag.py:3239} INFO - Sync 1 DAGs
[2026-06-27T19:34:50.553+0000] {logging_mixin.py:190} INFO - [2026-06-27T19:34:50.553+0000] {dag.py:4180} INFO - Setting next_dagrun for travel_pipeline to 2026-06-27 00:00:00+00:00, run_after=2026-06-28 00:00:00+00:00
[2026-06-27T19:34:50.592+0000] {processor.py:208} INFO - Processing /opt/airflow/dags/travel_pipeline_dag.py took 0.215 seconds
[2026-06-27T19:35:21.019+0000] {processor.py:186} INFO - Started process (PID=247) to work on /opt/airflow/dags/travel_pipeline_dag.py
[2026-06-27T19:35:21.021+0000] {processor.py:914} INFO - Processing file /opt/airflow/dags/travel_pipeline_dag.py for tasks to queue
[2026-06-27T19:35:21.024+0000] {logging_mixin.py:190} INFO - [2026-06-27T19:35:21.024+0000] {dagbag.py:588} INFO - Filling up the DagBag from /opt/airflow/dags/travel_pipeline_dag.py
[2026-06-27T19:35:21.065+0000] {processor.py:925} INFO - DAG(s) 'travel_pipeline' retrieved from /opt/airflow/dags/travel_pipeline_dag.py
[2026-06-27T19:35:21.120+0000] {logging_mixin.py:190} INFO - [2026-06-27T19:35:21.120+0000] {dag.py:3239} INFO - Sync 1 DAGs
[2026-06-27T19:35:21.191+0000] {logging_mixin.py:190} INFO - [2026-06-27T19:35:21.191+0000] {dag.py:4180} INFO - Setting next_dagrun for travel_pipeline to 2026-06-27 00:00:00+00:00, run_after=2026-06-28 00:00:00+00:00
[2026-06-27T19:35:21.228+0000] {processor.py:208} INFO - Processing /opt/airflow/dags/travel_pipeline_dag.py took 0.220 seconds
[2026-06-27T19:35:51.754+0000] {processor.py:186} INFO - Started process (PID=252) to work on /opt/airflow/dags/travel_pipeline_dag.py
[2026-06-27T19:35:51.755+0000] {processor.py:914} INFO - Processing file /opt/airflow/dags/travel_pipeline_dag.py for tasks to queue
[2026-06-27T19:35:51.760+0000] {logging_mixin.py:190} INFO - [2026-06-27T19:35:51.759+0000] {dagbag.py:588} INFO - Filling up the DagBag from /opt/airflow/dags/travel_pipeline_dag.py
[2026-06-27T19:35:51.795+0000] {processor.py:925} INFO - DAG(s) 'travel_pipeline' retrieved from /opt/airflow/dags/travel_pipeline_dag.py
[2026-06-27T19:35:51.854+0000] {logging_mixin.py:190} INFO - [2026-06-27T19:35:51.853+0000] {dag.py:3239} INFO - Sync 1 DAGs
[2026-06-27T19:35:51.905+0000] {logging_mixin.py:190} INFO - [2026-06-27T19:35:51.905+0000] {dag.py:4180} INFO - Setting next_dagrun for travel_pipeline to 2026-06-27 00:00:00+00:00, run_after=2026-06-28 00:00:00+00:00
[2026-06-27T19:35:51.943+0000] {processor.py:208} INFO - Processing /opt/airflow/dags/travel_pipeline_dag.py took 0.200 seconds
[2026-06-27T19:36:22.371+0000] {processor.py:186} INFO - Started process (PID=257) to work on /opt/airflow/dags/travel_pipeline_dag.py
[2026-06-27T19:36:22.373+0000] {processor.py:914} INFO - Processing file /opt/airflow/dags/travel_pipeline_dag.py for tasks to queue
[2026-06-27T19:36:22.382+0000] {logging_mixin.py:190} INFO - [2026-06-27T19:36:22.381+0000] {dagbag.py:588} INFO - Filling up the DagBag from /opt/airflow/dags/travel_pipeline_dag.py
[2026-06-27T19:36:22.448+0000] {processor.py:925} INFO - DAG(s) 'travel_pipeline' retrieved from /opt/airflow/dags/travel_pipeline_dag.py
[2026-06-27T19:36:22.555+0000] {logging_mixin.py:190} INFO - [2026-06-27T19:36:22.554+0000] {dag.py:3239} INFO - Sync 1 DAGs
[2026-06-27T19:36:22.646+0000] {logging_mixin.py:190} INFO - [2026-06-27T19:36:22.645+0000] {dag.py:4180} INFO - Setting next_dagrun for travel_pipeline to 2026-06-27 00:00:00+00:00, run_after=2026-06-28 00:00:00+00:00
[2026-06-27T19:36:22.706+0000] {processor.py:208} INFO - Processing /opt/airflow/dags/travel_pipeline_dag.py took 0.360 seconds
[2026-06-27T19:36:52.854+0000] {processor.py:186} INFO - Started process (PID=262) to work on /opt/airflow/dags/travel_pipeline_dag.py
[2026-06-27T19:36:52.856+0000] {processor.py:914} INFO - Processing file /opt/airflow/dags/travel_pipeline_dag.py for tasks to queue
[2026-06-27T19:36:52.861+0000] {logging_mixin.py:190} INFO - [2026-06-27T19:36:52.860+0000] {dagbag.py:588} INFO - Filling up the DagBag from /opt/airflow/dags/travel_pipeline_dag.py
[2026-06-27T19:36:52.895+0000] {processor.py:925} INFO - DAG(s) 'travel_pipeline' retrieved from /opt/airflow/dags/travel_pipeline_dag.py
[2026-06-27T19:36:52.956+0000] {logging_mixin.py:190} INFO - [2026-06-27T19:36:52.956+0000] {dag.py:3239} INFO - Sync 1 DAGs
[2026-06-27T19:36:53.005+0000] {logging_mixin.py:190} INFO - [2026-06-27T19:36:53.005+0000] {dag.py:4180} INFO - Setting next_dagrun for travel_pipeline to 2026-06-27 00:00:00+00:00, run_after=2026-06-28 00:00:00+00:00
[2026-06-27T19:36:53.047+0000] {processor.py:208} INFO - Processing /opt/airflow/dags/travel_pipeline_dag.py took 0.204 seconds
[2026-06-27T19:37:23.333+0000] {processor.py:186} INFO - Started process (PID=267) to work on /opt/airflow/dags/travel_pipeline_dag.py
[2026-06-27T19:37:23.335+0000] {processor.py:914} INFO - Processing file /opt/airflow/dags/travel_pipeline_dag.py for tasks to queue
[2026-06-27T19:37:23.340+0000] {logging_mixin.py:190} INFO - [2026-06-27T19:37:23.340+0000] {dagbag.py:588} INFO - Filling up the DagBag from /opt/airflow/dags/travel_pipeline_dag.py
[2026-06-27T19:37:23.396+0000] {processor.py:925} INFO - DAG(s) 'travel_pipeline' retrieved from /opt/airflow/dags/travel_pipeline_dag.py
[2026-06-27T19:37:23.470+0000] {logging_mixin.py:190} INFO - [2026-06-27T19:37:23.469+0000] {dag.py:3239} INFO - Sync 1 DAGs
[2026-06-27T19:37:23.572+0000] {logging_mixin.py:190} INFO - [2026-06-27T19:37:23.569+0000] {dag.py:4180} INFO - Setting next_dagrun for travel_pipeline to 2026-06-27 00:00:00+00:00, run_after=2026-06-28 00:00:00+00:00
[2026-06-27T19:37:23.672+0000] {processor.py:208} INFO - Processing /opt/airflow/dags/travel_pipeline_dag.py took 0.353 seconds
[2026-06-27T19:37:54.163+0000] {processor.py:186} INFO - Started process (PID=272) to work on /opt/airflow/dags/travel_pipeline_dag.py
[2026-06-27T19:37:54.165+0000] {processor.py:914} INFO - Processing file /opt/airflow/dags/travel_pipeline_dag.py for tasks to queue
[2026-06-27T19:37:54.175+0000] {logging_mixin.py:190} INFO - [2026-06-27T19:37:54.175+0000] {dagbag.py:588} INFO - Filling up the DagBag from /opt/airflow/dags/travel_pipeline_dag.py
[2026-06-27T19:37:54.240+0000] {processor.py:925} INFO - DAG(s) 'travel_pipeline' retrieved from /opt/airflow/dags/travel_pipeline_dag.py
[2026-06-27T19:37:54.377+0000] {logging_mixin.py:190} INFO - [2026-06-27T19:37:54.376+0000] {dag.py:3239} INFO - Sync 1 DAGs
[2026-06-27T19:37:54.455+0000] {logging_mixin.py:190} INFO - [2026-06-27T19:37:54.451+0000] {dag.py:4180} INFO - Setting next_dagrun for travel_pipeline to 2026-06-27 00:00:00+00:00, run_after=2026-06-28 00:00:00+00:00
[2026-06-27T19:37:54.529+0000] {processor.py:208} INFO - Processing /opt/airflow/dags/travel_pipeline_dag.py took 0.387 seconds
[2026-06-27T19:38:25.052+0000] {processor.py:186} INFO - Started process (PID=277) to work on /opt/airflow/dags/travel_pipeline_dag.py
[2026-06-27T19:38:25.055+0000] {processor.py:914} INFO - Processing file /opt/airflow/dags/travel_pipeline_dag.py for tasks to queue
[2026-06-27T19:38:25.059+0000] {logging_mixin.py:190} INFO - [2026-06-27T19:38:25.058+0000] {dagbag.py:588} INFO - Filling up the DagBag from /opt/airflow/dags/travel_pipeline_dag.py
[2026-06-27T19:38:25.105+0000] {processor.py:925} INFO - DAG(s) 'travel_pipeline' retrieved from /opt/airflow/dags/travel_pipeline_dag.py
[2026-06-27T19:38:25.195+0000] {logging_mixin.py:190} INFO - [2026-06-27T19:38:25.194+0000] {dag.py:3239} INFO - Sync 1 DAGs
[2026-06-27T19:38:25.258+0000] {logging_mixin.py:190} INFO - [2026-06-27T19:38:25.257+0000] {dag.py:4180} INFO - Setting next_dagrun for travel_pipeline to 2026-06-27 00:00:00+00:00, run_after=2026-06-28 00:00:00+00:00
[2026-06-27T19:38:25.313+0000] {processor.py:208} INFO - Processing /opt/airflow/dags/travel_pipeline_dag.py took 0.276 seconds
[2026-06-27T19:38:55.542+0000] {processor.py:186} INFO - Started process (PID=282) to work on /opt/airflow/dags/travel_pipeline_dag.py
[2026-06-27T19:38:55.544+0000] {processor.py:914} INFO - Processing file /opt/airflow/dags/travel_pipeline_dag.py for tasks to queue
[2026-06-27T19:38:55.547+0000] {logging_mixin.py:190} INFO - [2026-06-27T19:38:55.547+0000] {dagbag.py:588} INFO - Filling up the DagBag from /opt/airflow/dags/travel_pipeline_dag.py
[2026-06-27T19:38:55.591+0000] {processor.py:925} INFO - DAG(s) 'travel_pipeline' retrieved from /opt/airflow/dags/travel_pipeline_dag.py
[2026-06-27T19:38:55.703+0000] {logging_mixin.py:190} INFO - [2026-06-27T19:38:55.703+0000] {dag.py:3239} INFO - Sync 1 DAGs
[2026-06-27T19:38:55.782+0000] {logging_mixin.py:190} INFO - [2026-06-27T19:38:55.781+0000] {dag.py:4180} INFO - Setting next_dagrun for travel_pipeline to 2026-06-27 00:00:00+00:00, run_after=2026-06-28 00:00:00+00:00
[2026-06-27T19:38:55.865+0000] {processor.py:208} INFO - Processing /opt/airflow/dags/travel_pipeline_dag.py took 0.335 seconds
[2026-06-27T19:39:26.045+0000] {processor.py:186} INFO - Started process (PID=287) to work on /opt/airflow/dags/travel_pipeline_dag.py
[2026-06-27T19:39:26.049+0000] {processor.py:914} INFO - Processing file /opt/airflow/dags/travel_pipeline_dag.py for tasks to queue
[2026-06-27T19:39:26.065+0000] {logging_mixin.py:190} INFO - [2026-06-27T19:39:26.064+0000] {dagbag.py:588} INFO - Filling up the DagBag from /opt/airflow/dags/travel_pipeline_dag.py
[2026-06-27T19:39:26.156+0000] {processor.py:925} INFO - DAG(s) 'travel_pipeline' retrieved from /opt/airflow/dags/travel_pipeline_dag.py
[2026-06-27T19:39:26.263+0000] {logging_mixin.py:190} INFO - [2026-06-27T19:39:26.262+0000] {dag.py:3239} INFO - Sync 1 DAGs
[2026-06-27T19:39:26.358+0000] {logging_mixin.py:190} INFO - [2026-06-27T19:39:26.357+0000] {dag.py:4180} INFO - Setting next_dagrun for travel_pipeline to 2026-06-27 00:00:00+00:00, run_after=2026-06-28 00:00:00+00:00
[2026-06-27T19:39:26.424+0000] {processor.py:208} INFO - Processing /opt/airflow/dags/travel_pipeline_dag.py took 0.417 seconds
[2026-06-27T19:39:56.841+0000] {processor.py:186} INFO - Started process (PID=300) to work on /opt/airflow/dags/travel_pipeline_dag.py
[2026-06-27T19:39:56.843+0000] {processor.py:914} INFO - Processing file /opt/airflow/dags/travel_pipeline_dag.py for tasks to queue
[2026-06-27T19:39:56.851+0000] {logging_mixin.py:190} INFO - [2026-06-27T19:39:56.849+0000] {dagbag.py:588} INFO - Filling up the DagBag from /opt/airflow/dags/travel_pipeline_dag.py
[2026-06-27T19:39:56.899+0000] {processor.py:925} INFO - DAG(s) 'travel_pipeline' retrieved from /opt/airflow/dags/travel_pipeline_dag.py
[2026-06-27T19:39:56.984+0000] {logging_mixin.py:190} INFO - [2026-06-27T19:39:56.984+0000] {dag.py:3239} INFO - Sync 1 DAGs
[2026-06-27T19:39:57.050+0000] {logging_mixin.py:190} INFO - [2026-06-27T19:39:57.050+0000] {dag.py:4180} INFO - Setting next_dagrun for travel_pipeline to 2026-06-27 00:00:00+00:00, run_after=2026-06-28 00:00:00+00:00
[2026-06-27T19:39:57.107+0000] {processor.py:208} INFO - Processing /opt/airflow/dags/travel_pipeline_dag.py took 0.285 seconds
[2026-06-27T19:40:27.581+0000] {processor.py:186} INFO - Started process (PID=318) to work on /opt/airflow/dags/travel_pipeline_dag.py
[2026-06-27T19:40:27.584+0000] {processor.py:914} INFO - Processing file /opt/airflow/dags/travel_pipeline_dag.py for tasks to queue
[2026-06-27T19:40:27.589+0000] {logging_mixin.py:190} INFO - [2026-06-27T19:40:27.588+0000] {dagbag.py:588} INFO - Filling up the DagBag from /opt/airflow/dags/travel_pipeline_dag.py
[2026-06-27T19:40:27.642+0000] {processor.py:925} INFO - DAG(s) 'travel_pipeline' retrieved from /opt/airflow/dags/travel_pipeline_dag.py
[2026-06-27T19:40:27.730+0000] {logging_mixin.py:190} INFO - [2026-06-27T19:40:27.730+0000] {dag.py:3239} INFO - Sync 1 DAGs
[2026-06-27T19:40:27.802+0000] {logging_mixin.py:190} INFO - [2026-06-27T19:40:27.802+0000] {dag.py:4180} INFO - Setting next_dagrun for travel_pipeline to 2026-06-27 00:00:00+00:00, run_after=2026-06-28 00:00:00+00:00
[2026-06-27T19:40:27.865+0000] {processor.py:208} INFO - Processing /opt/airflow/dags/travel_pipeline_dag.py took 0.317 seconds
[2026-06-27T19:40:58.324+0000] {processor.py:186} INFO - Started process (PID=323) to work on /opt/airflow/dags/travel_pipeline_dag.py
[2026-06-27T19:40:58.326+0000] {processor.py:914} INFO - Processing file /opt/airflow/dags/travel_pipeline_dag.py for tasks to queue
[2026-06-27T19:40:58.333+0000] {logging_mixin.py:190} INFO - [2026-06-27T19:40:58.331+0000] {dagbag.py:588} INFO - Filling up the DagBag from /opt/airflow/dags/travel_pipeline_dag.py
[2026-06-27T19:40:58.407+0000] {processor.py:925} INFO - DAG(s) 'travel_pipeline' retrieved from /opt/airflow/dags/travel_pipeline_dag.py
[2026-06-27T19:40:58.581+0000] {logging_mixin.py:190} INFO - [2026-06-27T19:40:58.580+0000] {dag.py:3239} INFO - Sync 1 DAGs
[2026-06-27T19:40:58.821+0000] {logging_mixin.py:190} INFO - [2026-06-27T19:40:58.820+0000] {dag.py:4180} INFO - Setting next_dagrun for travel_pipeline to 2026-06-27 00:00:00+00:00, run_after=2026-06-28 00:00:00+00:00
[2026-06-27T19:40:58.982+0000] {processor.py:208} INFO - Processing /opt/airflow/dags/travel_pipeline_dag.py took 0.678 seconds
[2026-06-27T19:41:29.694+0000] {processor.py:186} INFO - Started process (PID=328) to work on /opt/airflow/dags/travel_pipeline_dag.py
[2026-06-27T19:41:29.697+0000] {processor.py:914} INFO - Processing file /opt/airflow/dags/travel_pipeline_dag.py for tasks to queue
[2026-06-27T19:41:29.703+0000] {logging_mixin.py:190} INFO - [2026-06-27T19:41:29.703+0000] {dagbag.py:588} INFO - Filling up the DagBag from /opt/airflow/dags/travel_pipeline_dag.py
[2026-06-27T19:41:29.763+0000] {processor.py:925} INFO - DAG(s) 'travel_pipeline' retrieved from /opt/airflow/dags/travel_pipeline_dag.py
[2026-06-27T19:41:29.859+0000] {logging_mixin.py:190} INFO - [2026-06-27T19:41:29.858+0000] {dag.py:3239} INFO - Sync 1 DAGs
[2026-06-27T19:41:29.953+0000] {logging_mixin.py:190} INFO - [2026-06-27T19:41:29.952+0000] {dag.py:4180} INFO - Setting next_dagrun for travel_pipeline to 2026-06-27 00:00:00+00:00, run_after=2026-06-28 00:00:00+00:00
[2026-06-27T19:41:30.028+0000] {processor.py:208} INFO - Processing /opt/airflow/dags/travel_pipeline_dag.py took 0.357 seconds
[2026-06-27T19:42:00.856+0000] {processor.py:186} INFO - Started process (PID=343) to work on /opt/airflow/dags/travel_pipeline_dag.py
[2026-06-27T19:42:03.310+0000] {processor.py:914} INFO - Processing file /opt/airflow/dags/travel_pipeline_dag.py for tasks to queue
[2026-06-27T19:42:03.321+0000] {logging_mixin.py:190} INFO - [2026-06-27T19:42:03.320+0000] {dagbag.py:588} INFO - Filling up the DagBag from /opt/airflow/dags/travel_pipeline_dag.py
[2026-06-27T19:42:03.608+0000] {processor.py:925} INFO - DAG(s) 'travel_pipeline' retrieved from /opt/airflow/dags/travel_pipeline_dag.py
[2026-06-27T19:42:03.829+0000] {logging_mixin.py:190} INFO - [2026-06-27T19:42:03.828+0000] {dag.py:3239} INFO - Sync 1 DAGs
[2026-06-27T19:42:04.087+0000] {logging_mixin.py:190} INFO - [2026-06-27T19:42:04.074+0000] {dag.py:4180} INFO - Setting next_dagrun for travel_pipeline to 2026-06-27 00:00:00+00:00, run_after=2026-06-28 00:00:00+00:00
[2026-06-27T19:42:04.248+0000] {processor.py:208} INFO - Processing /opt/airflow/dags/travel_pipeline_dag.py took 3.492 seconds
[2026-06-27T19:42:34.932+0000] {processor.py:186} INFO - Started process (PID=360) to work on /opt/airflow/dags/travel_pipeline_dag.py
[2026-06-27T19:42:34.934+0000] {processor.py:914} INFO - Processing file /opt/airflow/dags/travel_pipeline_dag.py for tasks to queue
[2026-06-27T19:42:34.953+0000] {logging_mixin.py:190} INFO - [2026-06-27T19:42:34.952+0000] {dagbag.py:588} INFO - Filling up the DagBag from /opt/airflow/dags/travel_pipeline_dag.py
[2026-06-27T19:42:35.069+0000] {processor.py:925} INFO - DAG(s) 'travel_pipeline' retrieved from /opt/airflow/dags/travel_pipeline_dag.py
[2026-06-27T19:42:35.351+0000] {logging_mixin.py:190} INFO - [2026-06-27T19:42:35.350+0000] {dag.py:3239} INFO - Sync 1 DAGs
[2026-06-27T19:42:35.610+0000] {logging_mixin.py:190} INFO - [2026-06-27T19:42:35.601+0000] {dag.py:4180} INFO - Setting next_dagrun for travel_pipeline to 2026-06-27 00:00:00+00:00, run_after=2026-06-28 00:00:00+00:00
[2026-06-27T19:42:35.763+0000] {processor.py:208} INFO - Processing /opt/airflow/dags/travel_pipeline_dag.py took 0.869 seconds
[2026-06-27T19:43:06.688+0000] {processor.py:186} INFO - Started process (PID=365) to work on /opt/airflow/dags/travel_pipeline_dag.py
[2026-06-27T19:43:06.690+0000] {processor.py:914} INFO - Processing file /opt/airflow/dags/travel_pipeline_dag.py for tasks to queue
[2026-06-27T19:43:06.695+0000] {logging_mixin.py:190} INFO - [2026-06-27T19:43:06.694+0000] {dagbag.py:588} INFO - Filling up the DagBag from /opt/airflow/dags/travel_pipeline_dag.py
[2026-06-27T19:43:06.738+0000] {processor.py:925} INFO - DAG(s) 'travel_pipeline' retrieved from /opt/airflow/dags/travel_pipeline_dag.py
[2026-06-27T19:43:06.818+0000] {logging_mixin.py:190} INFO - [2026-06-27T19:43:06.818+0000] {dag.py:3239} INFO - Sync 1 DAGs
[2026-06-27T19:43:06.916+0000] {logging_mixin.py:190} INFO - [2026-06-27T19:43:06.916+0000] {dag.py:4180} INFO - Setting next_dagrun for travel_pipeline to 2026-06-27 00:00:00+00:00, run_after=2026-06-28 00:00:00+00:00
[2026-06-27T19:43:06.969+0000] {processor.py:208} INFO - Processing /opt/airflow/dags/travel_pipeline_dag.py took 0.294 seconds
[2026-06-27T19:43:37.322+0000] {processor.py:186} INFO - Started process (PID=370) to work on /opt/airflow/dags/travel_pipeline_dag.py
[2026-06-27T19:43:37.328+0000] {processor.py:914} INFO - Processing file /opt/airflow/dags/travel_pipeline_dag.py for tasks to queue
[2026-06-27T19:43:37.336+0000] {logging_mixin.py:190} INFO - [2026-06-27T19:43:37.335+0000] {dagbag.py:588} INFO - Filling up the DagBag from /opt/airflow/dags/travel_pipeline_dag.py
[2026-06-27T19:43:37.431+0000] {processor.py:925} INFO - DAG(s) 'travel_pipeline' retrieved from /opt/airflow/dags/travel_pipeline_dag.py
[2026-06-27T19:43:37.671+0000] {logging_mixin.py:190} INFO - [2026-06-27T19:43:37.671+0000] {dag.py:3239} INFO - Sync 1 DAGs
[2026-06-27T19:43:37.849+0000] {logging_mixin.py:190} INFO - [2026-06-27T19:43:37.848+0000] {dag.py:4180} INFO - Setting next_dagrun for travel_pipeline to 2026-06-27 00:00:00+00:00, run_after=2026-06-28 00:00:00+00:00
[2026-06-27T19:43:38.006+0000] {processor.py:208} INFO - Processing /opt/airflow/dags/travel_pipeline_dag.py took 0.704 seconds
[2026-06-27T19:44:08.413+0000] {processor.py:186} INFO - Started process (PID=375) to work on /opt/airflow/dags/travel_pipeline_dag.py
[2026-06-27T19:44:08.416+0000] {processor.py:914} INFO - Processing file /opt/airflow/dags/travel_pipeline_dag.py for tasks to queue
[2026-06-27T19:44:08.425+0000] {logging_mixin.py:190} INFO - [2026-06-27T19:44:08.424+0000] {dagbag.py:588} INFO - Filling up the DagBag from /opt/airflow/dags/travel_pipeline_dag.py
[2026-06-27T19:44:08.498+0000] {processor.py:925} INFO - DAG(s) 'travel_pipeline' retrieved from /opt/airflow/dags/travel_pipeline_dag.py
[2026-06-27T19:44:08.675+0000] {logging_mixin.py:190} INFO - [2026-06-27T19:44:08.675+0000] {dag.py:3239} INFO - Sync 1 DAGs
[2026-06-27T19:44:08.743+0000] {logging_mixin.py:190} INFO - [2026-06-27T19:44:08.742+0000] {dag.py:4180} INFO - Setting next_dagrun for travel_pipeline to 2026-06-27 00:00:00+00:00, run_after=2026-06-28 00:00:00+00:00
[2026-06-27T19:44:08.811+0000] {processor.py:208} INFO - Processing /opt/airflow/dags/travel_pipeline_dag.py took 0.419 seconds
[2026-06-27T19:44:38.894+0000] {processor.py:186} INFO - Started process (PID=380) to work on /opt/airflow/dags/travel_pipeline_dag.py
[2026-06-27T19:44:38.896+0000] {processor.py:914} INFO - Processing file /opt/airflow/dags/travel_pipeline_dag.py for tasks to queue
[2026-06-27T19:44:38.902+0000] {logging_mixin.py:190} INFO - [2026-06-27T19:44:38.902+0000] {dagbag.py:588} INFO - Filling up the DagBag from /opt/airflow/dags/travel_pipeline_dag.py
[2026-06-27T19:44:38.963+0000] {processor.py:925} INFO - DAG(s) 'travel_pipeline' retrieved from /opt/airflow/dags/travel_pipeline_dag.py
[2026-06-27T19:44:39.135+0000] {logging_mixin.py:190} INFO - [2026-06-27T19:44:39.134+0000] {dag.py:3239} INFO - Sync 1 DAGs
[2026-06-27T19:44:39.273+0000] {logging_mixin.py:190} INFO - [2026-06-27T19:44:39.272+0000] {dag.py:4180} INFO - Setting next_dagrun for travel_pipeline to 2026-06-27 00:00:00+00:00, run_after=2026-06-28 00:00:00+00:00
[2026-06-27T19:44:39.329+0000] {processor.py:208} INFO - Processing /opt/airflow/dags/travel_pipeline_dag.py took 0.446 seconds
[2026-06-27T19:45:09.835+0000] {processor.py:186} INFO - Started process (PID=385) to work on /opt/airflow/dags/travel_pipeline_dag.py
[2026-06-27T19:45:09.836+0000] {processor.py:914} INFO - Processing file /opt/airflow/dags/travel_pipeline_dag.py for tasks to queue
[2026-06-27T19:45:09.842+0000] {logging_mixin.py:190} INFO - [2026-06-27T19:45:09.841+0000] {dagbag.py:588} INFO - Filling up the DagBag from /opt/airflow/dags/travel_pipeline_dag.py
[2026-06-27T19:45:09.907+0000] {processor.py:925} INFO - DAG(s) 'travel_pipeline' retrieved from /opt/airflow/dags/travel_pipeline_dag.py
[2026-06-27T19:45:10.122+0000] {logging_mixin.py:190} INFO - [2026-06-27T19:45:10.122+0000] {dag.py:3239} INFO - Sync 1 DAGs
[2026-06-27T19:45:10.208+0000] {logging_mixin.py:190} INFO - [2026-06-27T19:45:10.208+0000] {dag.py:4180} INFO - Setting next_dagrun for travel_pipeline to 2026-06-27 00:00:00+00:00, run_after=2026-06-28 00:00:00+00:00
[2026-06-27T19:45:10.272+0000] {processor.py:208} INFO - Processing /opt/airflow/dags/travel_pipeline_dag.py took 0.450 seconds
[2026-06-27T19:45:41.147+0000] {processor.py:186} INFO - Started process (PID=391) to work on /opt/airflow/dags/travel_pipeline_dag.py
[2026-06-27T19:45:41.167+0000] {processor.py:914} INFO - Processing file /opt/airflow/dags/travel_pipeline_dag.py for tasks to queue
[2026-06-27T19:45:41.171+0000] {logging_mixin.py:190} INFO - [2026-06-27T19:45:41.170+0000] {dagbag.py:588} INFO - Filling up the DagBag from /opt/airflow/dags/travel_pipeline_dag.py
[2026-06-27T19:45:41.302+0000] {processor.py:925} INFO - DAG(s) 'travel_pipeline' retrieved from /opt/airflow/dags/travel_pipeline_dag.py
[2026-06-27T19:45:41.375+0000] {logging_mixin.py:190} INFO - [2026-06-27T19:45:41.375+0000] {dag.py:3239} INFO - Sync 1 DAGs
[2026-06-27T19:45:41.444+0000] {logging_mixin.py:190} INFO - [2026-06-27T19:45:41.443+0000] {dag.py:4180} INFO - Setting next_dagrun for travel_pipeline to 2026-06-27 00:00:00+00:00, run_after=2026-06-28 00:00:00+00:00
[2026-06-27T19:45:41.511+0000] {processor.py:208} INFO - Processing /opt/airflow/dags/travel_pipeline_dag.py took 0.383 seconds
[2026-06-27T19:46:12.022+0000] {processor.py:186} INFO - Started process (PID=415) to work on /opt/airflow/dags/travel_pipeline_dag.py
[2026-06-27T19:46:12.024+0000] {processor.py:914} INFO - Processing file /opt/airflow/dags/travel_pipeline_dag.py for tasks to queue
[2026-06-27T19:46:12.029+0000] {logging_mixin.py:190} INFO - [2026-06-27T19:46:12.028+0000] {dagbag.py:588} INFO - Filling up the DagBag from /opt/airflow/dags/travel_pipeline_dag.py
[2026-06-27T19:46:12.078+0000] {processor.py:925} INFO - DAG(s) 'travel_pipeline' retrieved from /opt/airflow/dags/travel_pipeline_dag.py
[2026-06-27T19:46:12.177+0000] {logging_mixin.py:190} INFO - [2026-06-27T19:46:12.176+0000] {dag.py:3239} INFO - Sync 1 DAGs
[2026-06-27T19:46:12.249+0000] {logging_mixin.py:190} INFO - [2026-06-27T19:46:12.248+0000] {dag.py:4180} INFO - Setting next_dagrun for travel_pipeline to 2026-06-27 00:00:00+00:00, run_after=2026-06-28 00:00:00+00:00
[2026-06-27T19:46:12.300+0000] {processor.py:208} INFO - Processing /opt/airflow/dags/travel_pipeline_dag.py took 0.292 seconds
[2026-06-27T19:46:42.468+0000] {processor.py:186} INFO - Started process (PID=420) to work on /opt/airflow/dags/travel_pipeline_dag.py
[2026-06-27T19:46:42.471+0000] {processor.py:914} INFO - Processing file /opt/airflow/dags/travel_pipeline_dag.py for tasks to queue
[2026-06-27T19:46:42.486+0000] {logging_mixin.py:190} INFO - [2026-06-27T19:46:42.482+0000] {dagbag.py:588} INFO - Filling up the DagBag from /opt/airflow/dags/travel_pipeline_dag.py
[2026-06-27T19:46:42.643+0000] {processor.py:925} INFO - DAG(s) 'travel_pipeline' retrieved from /opt/airflow/dags/travel_pipeline_dag.py
[2026-06-27T19:46:42.875+0000] {logging_mixin.py:190} INFO - [2026-06-27T19:46:42.875+0000] {dag.py:3239} INFO - Sync 1 DAGs
[2026-06-27T19:46:43.132+0000] {logging_mixin.py:190} INFO - [2026-06-27T19:46:43.130+0000] {dag.py:4180} INFO - Setting next_dagrun for travel_pipeline to 2026-06-27 00:00:00+00:00, run_after=2026-06-28 00:00:00+00:00
[2026-06-27T19:46:43.307+0000] {processor.py:208} INFO - Processing /opt/airflow/dags/travel_pipeline_dag.py took 0.861 seconds
[2026-06-27T19:47:13.954+0000] {processor.py:186} INFO - Started process (PID=425) to work on /opt/airflow/dags/travel_pipeline_dag.py
[2026-06-27T19:47:13.956+0000] {processor.py:914} INFO - Processing file /opt/airflow/dags/travel_pipeline_dag.py for tasks to queue
[2026-06-27T19:47:13.965+0000] {logging_mixin.py:190} INFO - [2026-06-27T19:47:13.964+0000] {dagbag.py:588} INFO - Filling up the DagBag from /opt/airflow/dags/travel_pipeline_dag.py
[2026-06-27T19:47:14.010+0000] {processor.py:925} INFO - DAG(s) 'travel_pipeline' retrieved from /opt/airflow/dags/travel_pipeline_dag.py
[2026-06-27T19:47:14.128+0000] {logging_mixin.py:190} INFO - [2026-06-27T19:47:14.127+0000] {dag.py:3239} INFO - Sync 1 DAGs
[2026-06-27T19:47:14.215+0000] {logging_mixin.py:190} INFO - [2026-06-27T19:47:14.213+0000] {dag.py:4180} INFO - Setting next_dagrun for travel_pipeline to 2026-06-27 00:00:00+00:00, run_after=2026-06-28 00:00:00+00:00
[2026-06-27T19:47:14.277+0000] {processor.py:208} INFO - Processing /opt/airflow/dags/travel_pipeline_dag.py took 0.344 seconds
[2026-06-27T19:47:44.769+0000] {processor.py:186} INFO - Started process (PID=430) to work on /opt/airflow/dags/travel_pipeline_dag.py
[2026-06-27T19:47:44.771+0000] {processor.py:914} INFO - Processing file /opt/airflow/dags/travel_pipeline_dag.py for tasks to queue
[2026-06-27T19:47:44.776+0000] {logging_mixin.py:190} INFO - [2026-06-27T19:47:44.775+0000] {dagbag.py:588} INFO - Filling up the DagBag from /opt/airflow/dags/travel_pipeline_dag.py
[2026-06-27T19:47:44.817+0000] {processor.py:925} INFO - DAG(s) 'travel_pipeline' retrieved from /opt/airflow/dags/travel_pipeline_dag.py
[2026-06-27T19:47:44.875+0000] {logging_mixin.py:190} INFO - [2026-06-27T19:47:44.875+0000] {dag.py:3239} INFO - Sync 1 DAGs
[2026-06-27T19:47:44.933+0000] {logging_mixin.py:190} INFO - [2026-06-27T19:47:44.933+0000] {dag.py:4180} INFO - Setting next_dagrun for travel_pipeline to 2026-06-27 00:00:00+00:00, run_after=2026-06-28 00:00:00+00:00
[2026-06-27T19:47:45.022+0000] {processor.py:208} INFO - Processing /opt/airflow/dags/travel_pipeline_dag.py took 0.266 seconds
[2026-06-27T19:48:15.654+0000] {processor.py:186} INFO - Started process (PID=435) to work on /opt/airflow/dags/travel_pipeline_dag.py
[2026-06-27T19:48:15.658+0000] {processor.py:914} INFO - Processing file /opt/airflow/dags/travel_pipeline_dag.py for tasks to queue
[2026-06-27T19:48:15.665+0000] {logging_mixin.py:190} INFO - [2026-06-27T19:48:15.664+0000] {dagbag.py:588} INFO - Filling up the DagBag from /opt/airflow/dags/travel_pipeline_dag.py
[2026-06-27T19:48:15.765+0000] {processor.py:925} INFO - DAG(s) 'travel_pipeline' retrieved from /opt/airflow/dags/travel_pipeline_dag.py
[2026-06-27T19:48:15.898+0000] {logging_mixin.py:190} INFO - [2026-06-27T19:48:15.897+0000] {dag.py:3239} INFO - Sync 1 DAGs
[2026-06-27T19:48:15.983+0000] {logging_mixin.py:190} INFO - [2026-06-27T19:48:15.982+0000] {dag.py:4180} INFO - Setting next_dagrun for travel_pipeline to 2026-06-27 00:00:00+00:00, run_after=2026-06-28 00:00:00+00:00
[2026-06-27T19:48:16.042+0000] {processor.py:208} INFO - Processing /opt/airflow/dags/travel_pipeline_dag.py took 0.406 seconds
[2026-06-27T19:48:46.289+0000] {processor.py:186} INFO - Started process (PID=440) to work on /opt/airflow/dags/travel_pipeline_dag.py
[2026-06-27T19:48:46.291+0000] {processor.py:914} INFO - Processing file /opt/airflow/dags/travel_pipeline_dag.py for tasks to queue
[2026-06-27T19:48:46.302+0000] {logging_mixin.py:190} INFO - [2026-06-27T19:48:46.301+0000] {dagbag.py:588} INFO - Filling up the DagBag from /opt/airflow/dags/travel_pipeline_dag.py
[2026-06-27T19:48:46.399+0000] {processor.py:925} INFO - DAG(s) 'travel_pipeline' retrieved from /opt/airflow/dags/travel_pipeline_dag.py
[2026-06-27T19:48:46.607+0000] {logging_mixin.py:190} INFO - [2026-06-27T19:48:46.606+0000] {dag.py:3239} INFO - Sync 1 DAGs
[2026-06-27T19:48:46.785+0000] {logging_mixin.py:190} INFO - [2026-06-27T19:48:46.785+0000] {dag.py:4180} INFO - Setting next_dagrun for travel_pipeline to 2026-06-27 00:00:00+00:00, run_after=2026-06-28 00:00:00+00:00
[2026-06-27T19:48:46.823+0000] {processor.py:208} INFO - Processing /opt/airflow/dags/travel_pipeline_dag.py took 0.554 seconds
[2026-06-27T19:49:17.395+0000] {processor.py:186} INFO - Started process (PID=445) to work on /opt/airflow/dags/travel_pipeline_dag.py
[2026-06-27T19:49:17.397+0000] {processor.py:914} INFO - Processing file /opt/airflow/dags/travel_pipeline_dag.py for tasks to queue
[2026-06-27T19:49:17.401+0000] {logging_mixin.py:190} INFO - [2026-06-27T19:49:17.400+0000] {dagbag.py:588} INFO - Filling up the DagBag from /opt/airflow/dags/travel_pipeline_dag.py
[2026-06-27T19:49:17.437+0000] {processor.py:925} INFO - DAG(s) 'travel_pipeline' retrieved from /opt/airflow/dags/travel_pipeline_dag.py
[2026-06-27T19:49:17.500+0000] {logging_mixin.py:190} INFO - [2026-06-27T19:49:17.500+0000] {dag.py:3239} INFO - Sync 1 DAGs
[2026-06-27T19:49:17.561+0000] {logging_mixin.py:190} INFO - [2026-06-27T19:49:17.560+0000] {dag.py:4180} INFO - Setting next_dagrun for travel_pipeline to 2026-06-27 00:00:00+00:00, run_after=2026-06-28 00:00:00+00:00
[2026-06-27T19:49:17.629+0000] {processor.py:208} INFO - Processing /opt/airflow/dags/travel_pipeline_dag.py took 0.244 seconds
[2026-06-27T19:49:47.947+0000] {processor.py:186} INFO - Started process (PID=450) to work on /opt/airflow/dags/travel_pipeline_dag.py
[2026-06-27T19:49:47.948+0000] {processor.py:914} INFO - Processing file /opt/airflow/dags/travel_pipeline_dag.py for tasks to queue
[2026-06-27T19:49:47.952+0000] {logging_mixin.py:190} INFO - [2026-06-27T19:49:47.952+0000] {dagbag.py:588} INFO - Filling up the DagBag from /opt/airflow/dags/travel_pipeline_dag.py
[2026-06-27T19:49:47.987+0000] {processor.py:925} INFO - DAG(s) 'travel_pipeline' retrieved from /opt/airflow/dags/travel_pipeline_dag.py
[2026-06-27T19:49:48.042+0000] {logging_mixin.py:190} INFO - [2026-06-27T19:49:48.042+0000] {dag.py:3239} INFO - Sync 1 DAGs
[2026-06-27T19:49:48.090+0000] {logging_mixin.py:190} INFO - [2026-06-27T19:49:48.089+0000] {dag.py:4180} INFO - Setting next_dagrun for travel_pipeline to 2026-06-27 00:00:00+00:00, run_after=2026-06-28 00:00:00+00:00
[2026-06-27T19:49:48.128+0000] {processor.py:208} INFO - Processing /opt/airflow/dags/travel_pipeline_dag.py took 0.192 seconds
[2026-06-27T19:50:18.856+0000] {processor.py:186} INFO - Started process (PID=455) to work on /opt/airflow/dags/travel_pipeline_dag.py
[2026-06-27T19:50:18.858+0000] {processor.py:914} INFO - Processing file /opt/airflow/dags/travel_pipeline_dag.py for tasks to queue
[2026-06-27T19:50:18.865+0000] {logging_mixin.py:190} INFO - [2026-06-27T19:50:18.864+0000] {dagbag.py:588} INFO - Filling up the DagBag from /opt/airflow/dags/travel_pipeline_dag.py
[2026-06-27T19:50:18.942+0000] {processor.py:925} INFO - DAG(s) 'travel_pipeline' retrieved from /opt/airflow/dags/travel_pipeline_dag.py
[2026-06-27T19:50:19.018+0000] {logging_mixin.py:190} INFO - [2026-06-27T19:50:19.017+0000] {dag.py:3239} INFO - Sync 1 DAGs
[2026-06-27T19:50:19.098+0000] {logging_mixin.py:190} INFO - [2026-06-27T19:50:19.097+0000] {dag.py:4180} INFO - Setting next_dagrun for travel_pipeline to 2026-06-27 00:00:00+00:00, run_after=2026-06-28 00:00:00+00:00
[2026-06-27T19:50:19.135+0000] {processor.py:208} INFO - Processing /opt/airflow/dags/travel_pipeline_dag.py took 0.304 seconds
[2026-06-27T19:50:49.322+0000] {processor.py:186} INFO - Started process (PID=460) to work on /opt/airflow/dags/travel_pipeline_dag.py
[2026-06-27T19:50:49.326+0000] {processor.py:914} INFO - Processing file /opt/airflow/dags/travel_pipeline_dag.py for tasks to queue
[2026-06-27T19:50:49.347+0000] {logging_mixin.py:190} INFO - [2026-06-27T19:50:49.346+0000] {dagbag.py:588} INFO - Filling up the DagBag from /opt/airflow/dags/travel_pipeline_dag.py
[2026-06-27T19:50:49.461+0000] {processor.py:925} INFO - DAG(s) 'travel_pipeline' retrieved from /opt/airflow/dags/travel_pipeline_dag.py
[2026-06-27T19:50:49.622+0000] {logging_mixin.py:190} INFO - [2026-06-27T19:50:49.621+0000] {dag.py:3239} INFO - Sync 1 DAGs
[2026-06-27T19:50:49.727+0000] {logging_mixin.py:190} INFO - [2026-06-27T19:50:49.727+0000] {dag.py:4180} INFO - Setting next_dagrun for travel_pipeline to 2026-06-27 00:00:00+00:00, run_after=2026-06-28 00:00:00+00:00
[2026-06-27T19:50:49.768+0000] {processor.py:208} INFO - Processing /opt/airflow/dags/travel_pipeline_dag.py took 0.482 seconds
[2026-06-27T19:51:20.468+0000] {processor.py:186} INFO - Started process (PID=465) to work on /opt/airflow/dags/travel_pipeline_dag.py
[2026-06-27T19:51:20.470+0000] {processor.py:914} INFO - Processing file /opt/airflow/dags/travel_pipeline_dag.py for tasks to queue
[2026-06-27T19:51:20.474+0000] {logging_mixin.py:190} INFO - [2026-06-27T19:51:20.474+0000] {dagbag.py:588} INFO - Filling up the DagBag from /opt/airflow/dags/travel_pipeline_dag.py
[2026-06-27T19:51:20.557+0000] {processor.py:925} INFO - DAG(s) 'travel_pipeline' retrieved from /opt/airflow/dags/travel_pipeline_dag.py
[2026-06-27T19:51:20.621+0000] {logging_mixin.py:190} INFO - [2026-06-27T19:51:20.620+0000] {dag.py:3239} INFO - Sync 1 DAGs
[2026-06-27T19:51:20.669+0000] {logging_mixin.py:190} INFO - [2026-06-27T19:51:20.668+0000] {dag.py:4180} INFO - Setting next_dagrun for travel_pipeline to 2026-06-27 00:00:00+00:00, run_after=2026-06-28 00:00:00+00:00
[2026-06-27T19:51:20.705+0000] {processor.py:208} INFO - Processing /opt/airflow/dags/travel_pipeline_dag.py took 0.248 seconds
[2026-06-27T19:51:51.299+0000] {processor.py:186} INFO - Started process (PID=470) to work on /opt/airflow/dags/travel_pipeline_dag.py
[2026-06-27T19:51:51.301+0000] {processor.py:914} INFO - Processing file /opt/airflow/dags/travel_pipeline_dag.py for tasks to queue
[2026-06-27T19:51:51.305+0000] {logging_mixin.py:190} INFO - [2026-06-27T19:51:51.304+0000] {dagbag.py:588} INFO - Filling up the DagBag from /opt/airflow/dags/travel_pipeline_dag.py
[2026-06-27T19:51:51.339+0000] {processor.py:925} INFO - DAG(s) 'travel_pipeline' retrieved from /opt/airflow/dags/travel_pipeline_dag.py
[2026-06-27T19:51:51.391+0000] {logging_mixin.py:190} INFO - [2026-06-27T19:51:51.391+0000] {dag.py:3239} INFO - Sync 1 DAGs
[2026-06-27T19:51:51.441+0000] {logging_mixin.py:190} INFO - [2026-06-27T19:51:51.440+0000] {dag.py:4180} INFO - Setting next_dagrun for travel_pipeline to 2026-06-27 00:00:00+00:00, run_after=2026-06-28 00:00:00+00:00
[2026-06-27T19:51:51.479+0000] {processor.py:208} INFO - Processing /opt/airflow/dags/travel_pipeline_dag.py took 0.191 seconds
[2026-06-27T19:52:21.893+0000] {processor.py:186} INFO - Started process (PID=475) to work on /opt/airflow/dags/travel_pipeline_dag.py
[2026-06-27T19:52:21.895+0000] {processor.py:914} INFO - Processing file /opt/airflow/dags/travel_pipeline_dag.py for tasks to queue
[2026-06-27T19:52:21.899+0000] {logging_mixin.py:190} INFO - [2026-06-27T19:52:21.898+0000] {dagbag.py:588} INFO - Filling up the DagBag from /opt/airflow/dags/travel_pipeline_dag.py
[2026-06-27T19:52:21.938+0000] {processor.py:925} INFO - DAG(s) 'travel_pipeline' retrieved from /opt/airflow/dags/travel_pipeline_dag.py
[2026-06-27T19:52:21.996+0000] {logging_mixin.py:190} INFO - [2026-06-27T19:52:21.996+0000] {dag.py:3239} INFO - Sync 1 DAGs
[2026-06-27T19:52:22.046+0000] {logging_mixin.py:190} INFO - [2026-06-27T19:52:22.046+0000] {dag.py:4180} INFO - Setting next_dagrun for travel_pipeline to 2026-06-27 00:00:00+00:00, run_after=2026-06-28 00:00:00+00:00
[2026-06-27T19:52:22.083+0000] {processor.py:208} INFO - Processing /opt/airflow/dags/travel_pipeline_dag.py took 0.203 seconds
[2026-06-27T19:52:52.514+0000] {processor.py:186} INFO - Started process (PID=480) to work on /opt/airflow/dags/travel_pipeline_dag.py
[2026-06-27T19:52:52.515+0000] {processor.py:914} INFO - Processing file /opt/airflow/dags/travel_pipeline_dag.py for tasks to queue
[2026-06-27T19:52:52.519+0000] {logging_mixin.py:190} INFO - [2026-06-27T19:52:52.519+0000] {dagbag.py:588} INFO - Filling up the DagBag from /opt/airflow/dags/travel_pipeline_dag.py
[2026-06-27T19:52:52.554+0000] {processor.py:925} INFO - DAG(s) 'travel_pipeline' retrieved from /opt/airflow/dags/travel_pipeline_dag.py
[2026-06-27T19:52:52.617+0000] {logging_mixin.py:190} INFO - [2026-06-27T19:52:52.617+0000] {dag.py:3239} INFO - Sync 1 DAGs
[2026-06-27T19:52:52.680+0000] {logging_mixin.py:190} INFO - [2026-06-27T19:52:52.679+0000] {dag.py:4180} INFO - Setting next_dagrun for travel_pipeline to 2026-06-27 00:00:00+00:00, run_after=2026-06-28 00:00:00+00:00
[2026-06-27T19:52:52.717+0000] {processor.py:208} INFO - Processing /opt/airflow/dags/travel_pipeline_dag.py took 0.215 seconds
[2026-06-27T19:53:23.111+0000] {processor.py:186} INFO - Started process (PID=485) to work on /opt/airflow/dags/travel_pipeline_dag.py
[2026-06-27T19:53:23.113+0000] {processor.py:914} INFO - Processing file /opt/airflow/dags/travel_pipeline_dag.py for tasks to queue
[2026-06-27T19:53:23.117+0000] {logging_mixin.py:190} INFO - [2026-06-27T19:53:23.117+0000] {dagbag.py:588} INFO - Filling up the DagBag from /opt/airflow/dags/travel_pipeline_dag.py
[2026-06-27T19:53:23.161+0000] {processor.py:925} INFO - DAG(s) 'travel_pipeline' retrieved from /opt/airflow/dags/travel_pipeline_dag.py
[2026-06-27T19:53:23.235+0000] {logging_mixin.py:190} INFO - [2026-06-27T19:53:23.235+0000] {dag.py:3239} INFO - Sync 1 DAGs
[2026-06-27T19:53:23.300+0000] {logging_mixin.py:190} INFO - [2026-06-27T19:53:23.300+0000] {dag.py:4180} INFO - Setting next_dagrun for travel_pipeline to 2026-06-27 00:00:00+00:00, run_after=2026-06-28 00:00:00+00:00
[2026-06-27T19:53:23.341+0000] {processor.py:208} INFO - Processing /opt/airflow/dags/travel_pipeline_dag.py took 0.243 seconds
[2026-06-27T19:53:53.628+0000] {processor.py:186} INFO - Started process (PID=490) to work on /opt/airflow/dags/travel_pipeline_dag.py
[2026-06-27T19:53:53.630+0000] {processor.py:914} INFO - Processing file /opt/airflow/dags/travel_pipeline_dag.py for tasks to queue
[2026-06-27T19:53:53.638+0000] {logging_mixin.py:190} INFO - [2026-06-27T19:53:53.636+0000] {dagbag.py:588} INFO - Filling up the DagBag from /opt/airflow/dags/travel_pipeline_dag.py
[2026-06-27T19:53:53.688+0000] {processor.py:925} INFO - DAG(s) 'travel_pipeline' retrieved from /opt/airflow/dags/travel_pipeline_dag.py
[2026-06-27T19:53:53.762+0000] {logging_mixin.py:190} INFO - [2026-06-27T19:53:53.762+0000] {dag.py:3239} INFO - Sync 1 DAGs
[2026-06-27T19:53:53.826+0000] {logging_mixin.py:190} INFO - [2026-06-27T19:53:53.825+0000] {dag.py:4180} INFO - Setting next_dagrun for travel_pipeline to 2026-06-27 00:00:00+00:00, run_after=2026-06-28 00:00:00+00:00
[2026-06-27T19:53:53.882+0000] {processor.py:208} INFO - Processing /opt/airflow/dags/travel_pipeline_dag.py took 0.274 seconds
[2026-06-27T19:54:24.341+0000] {processor.py:186} INFO - Started process (PID=495) to work on /opt/airflow/dags/travel_pipeline_dag.py
[2026-06-27T19:54:24.343+0000] {processor.py:914} INFO - Processing file /opt/airflow/dags/travel_pipeline_dag.py for tasks to queue
[2026-06-27T19:54:24.349+0000] {logging_mixin.py:190} INFO - [2026-06-27T19:54:24.348+0000] {dagbag.py:588} INFO - Filling up the DagBag from /opt/airflow/dags/travel_pipeline_dag.py
[2026-06-27T19:54:24.387+0000] {processor.py:925} INFO - DAG(s) 'travel_pipeline' retrieved from /opt/airflow/dags/travel_pipeline_dag.py
[2026-06-27T19:54:24.476+0000] {logging_mixin.py:190} INFO - [2026-06-27T19:54:24.475+0000] {dag.py:3239} INFO - Sync 1 DAGs
[2026-06-27T19:54:24.622+0000] {logging_mixin.py:190} INFO - [2026-06-27T19:54:24.621+0000] {dag.py:4180} INFO - Setting next_dagrun for travel_pipeline to 2026-06-27 00:00:00+00:00, run_after=2026-06-28 00:00:00+00:00
[2026-06-27T19:54:24.680+0000] {processor.py:208} INFO - Processing /opt/airflow/dags/travel_pipeline_dag.py took 0.352 seconds
